-- phpMyAdmin SQL Dump
-- version 4.0.4.1
-- http://www.phpmyadmin.net
--
-- Host: 127.0.0.1
-- Generation Time: May 24, 2015 at 03:50 PM
-- Server version: 5.6.11
-- PHP Version: 5.5.3

SET SQL_MODE = "NO_AUTO_VALUE_ON_ZERO";
SET time_zone = "+00:00";


/*!40101 SET @OLD_CHARACTER_SET_CLIENT=@@CHARACTER_SET_CLIENT */;
/*!40101 SET @OLD_CHARACTER_SET_RESULTS=@@CHARACTER_SET_RESULTS */;
/*!40101 SET @OLD_COLLATION_CONNECTION=@@COLLATION_CONNECTION */;
/*!40101 SET NAMES utf8 */;

--
-- Database: `imath`
--
CREATE DATABASE IF NOT EXISTS `imath` DEFAULT CHARACTER SET latin1 COLLATE latin1_swedish_ci;
USE `imath`;

-- --------------------------------------------------------

--
-- Table structure for table `akun`
--

CREATE TABLE IF NOT EXISTS `akun` (
  `username` varchar(50) NOT NULL,
  `password` varchar(50) NOT NULL,
  `email` varchar(50) NOT NULL,
  `role` enum('admin','user') NOT NULL,
  `gender` enum('Laki-laki','Perempuan') NOT NULL,
  `namaPanggilan` varchar(80) NOT NULL,
  PRIMARY KEY (`username`)
) ENGINE=InnoDB DEFAULT CHARSET=latin1;

--
-- Dumping data for table `akun`
--

INSERT INTO `akun` (`username`, `password`, `email`, `role`, `gender`, `namaPanggilan`) VALUES
('admin', '0192023a7bbd73250516f069df18b500', 'admin@imath.ac.id', 'admin', 'Perempuan', 'admin'),
('alivia.khaira', '04668875412db9993629099fd66d444d', 'alivia.batuparan@gmail.com', 'user', 'Perempuan', 'ivi'),
('anna', '3bc20dc01341f7a7f7e10977d40934bc', 'anna@anna.com', 'user', 'Perempuan', 'Anna Again'),
('Apela', 'df634f276f1b66f66dbde1d817f25e6c', 'apel@hijau.com', 'user', 'Perempuan', 'Apela'),
('ariel', 'a837f5ae1ccec88e22231283a64e62e6', 'ariel@ariel.com', 'user', 'Perempuan', 'Ariel'),
('Beast', '13b36a269b42793a8144fc5a25f791b7', 'beast@beautyandthebeast.com', 'user', 'Laki-laki', 'Beast'),
('beautyandthebeast', '3feb2d8fe13b4e9c3c81de0734257103', 'bb@gmail.com', 'user', 'Perempuan', 'Belle'),
('cinderella', '583fea53729bcb119bc1099a0dc5e73d', 'cinderella@cinderella.com', 'user', 'Perempuan', 'Ella'),
('dika.galih', '8800047777666a0e34b3581bd5a489a5', 'dika.galih@ui.ac.id', 'user', 'Laki-laki', 'Dika Galih'),
('Eric', '9fe1ea2201d7d84e765c7495d6527694', 'eric@littlemermaid.com', 'user', 'Laki-laki', 'Eric'),
('hadaiq2', 'hadaiq', 'hadaiq@gmail.com', 'user', 'Laki-laki', '&lt;?php>'),
('Hicupp', '4fa26955d6333b97e65f92eeb703f883', 'hicupp@toothless.com', 'user', 'Laki-laki', 'Hicupp'),
('hiro_hamada', 'bighero6', 'hirohamada@hiro.com', 'user', 'Laki-laki', 'Hiro'),
('indah', 'decbdbfd2cfa279600fdee01099f6178', 'indah@gmail.com', 'user', 'Perempuan', 'indah ayu'),
('JohnSmith', 'cd4388c0c62e65ac8b99e3ec49fd9409', 'johnsmith@johnsmith.com', 'user', 'Laki-laki', 'John Smith'),
('kristoff', 'e80b5017098950fc58aad83c8c14978e', 'kristoff@kristoff.com', 'user', '', 'kristoff'),
('Mawar', '933d26122c5618b6d4aa1263d035ee35', 'mawar@merah.com', 'user', 'Perempuan', 'Mawar'),
('princess_anna', '72858d1af3c55029d5dc0bf1a77b6d9e', 'sweetpineappleforest@gmail.com', 'user', 'Perempuan', 'Anna'),
('QElsa', '4c776288a53c388ee4e1bf1317d88ae3', 'queenelsa@arendelle.com', 'user', 'Perempuan', 'Elsa'),
('Salju', '2e5beb16b303b5b985353e818f60d624', 'salju@putih.com', 'user', 'Perempuan', 'Salju'),
('Violet', '80f1187112e2e5e0403499147f7014b8', 'violet@purple.com', 'user', 'Perempuan', 'Violet');

-- --------------------------------------------------------

--
-- Table structure for table `catatan_latihan`
--

CREATE TABLE IF NOT EXISTS `catatan_latihan` (
  `idLatihan` int(10) NOT NULL AUTO_INCREMENT,
  `idRapor` int(10) NOT NULL,
  `idMateri` int(10) NOT NULL,
  `idKelas` varchar(6) NOT NULL,
  `jawabanBenar` int(5) NOT NULL,
  `tglMengerjakan` date NOT NULL,
  `lamaWaktu` int(5) NOT NULL,
  PRIMARY KEY (`idLatihan`,`idRapor`,`idMateri`,`idKelas`),
  KEY `idRapor` (`idRapor`),
  KEY `catatan_latihan_ibfk_2` (`idMateri`,`idKelas`)
) ENGINE=InnoDB  DEFAULT CHARSET=latin1 AUTO_INCREMENT=10 ;

--
-- Dumping data for table `catatan_latihan`
--

INSERT INTO `catatan_latihan` (`idLatihan`, `idRapor`, `idMateri`, `idKelas`, `jawabanBenar`, `tglMengerjakan`, `lamaWaktu`) VALUES
(7, 5, 1, 'SD001', 2, '2015-04-25', 172),
(8, 5, 1, 'SD001', 0, '2015-04-25', 8),
(9, 5, 1, 'SD001', 0, '2015-04-25', 157);

-- --------------------------------------------------------

--
-- Table structure for table `catatan_tes`
--

CREATE TABLE IF NOT EXISTS `catatan_tes` (
  `idTes` int(10) NOT NULL AUTO_INCREMENT,
  `idRapor` int(10) NOT NULL,
  `jawabanBenar` int(5) NOT NULL,
  `tglMengerjakan` date NOT NULL,
  `lamaWaktu` int(5) NOT NULL,
  `idKelas` varchar(6) NOT NULL,
  PRIMARY KEY (`idTes`,`idRapor`,`idKelas`),
  KEY `idRapor` (`idRapor`),
  KEY `idKelas` (`idKelas`)
) ENGINE=InnoDB  DEFAULT CHARSET=latin1 AUTO_INCREMENT=51 ;

--
-- Dumping data for table `catatan_tes`
--

INSERT INTO `catatan_tes` (`idTes`, `idRapor`, `jawabanBenar`, `tglMengerjakan`, `lamaWaktu`, `idKelas`) VALUES
(1, 2, 15, '2015-04-13', 58, 'SD002'),
(2, 2, 15, '2015-04-13', 58, 'SD002'),
(3, 2, 1, '2015-04-13', 59, 'SD002'),
(4, 2, 2, '2015-04-13', 59, 'SD002'),
(5, 2, 2, '2015-04-13', 59, 'SD002'),
(6, 2, 2, '2015-04-13', 3588, 'SD002'),
(7, 2, 2, '2015-04-13', 3590, 'SD002'),
(8, 2, 2, '2015-04-13', 3590, 'SD002'),
(9, 2, 2, '2015-04-13', 3590, 'SD002'),
(10, 2, 2, '2015-04-13', 108, 'SD002'),
(11, 2, 2, '2015-04-13', 108, 'SD002'),
(12, 2, 2, '2015-04-13', 108, 'SD002'),
(13, 2, 2, '2015-04-13', 110, 'SD002'),
(14, 2, 2, '2015-04-13', 110, 'SD002'),
(15, 2, 2, '2015-04-13', 110, 'SD002'),
(16, 2, 2, '2015-04-13', 110, 'SD002'),
(17, 2, 1, '2015-04-13', 113, 'SD002'),
(18, 2, 2, '2015-04-13', 14, 'SD002'),
(19, 2, 1, '2015-04-13', 65, 'SD002'),
(20, 2, 1, '2015-04-13', 65, 'SD002'),
(21, 2, 2, '2015-04-13', 69, 'SD002'),
(22, 2, 2, '2015-04-13', 69, 'SD002'),
(23, 2, 2, '2015-04-13', 69, 'SD002'),
(24, 2, 2, '2015-04-13', 69, 'SD002'),
(26, 3, 1, '2015-04-13', 201, 'SD002'),
(27, 5, 0, '2015-04-15', 9, 'SD002'),
(28, 5, 0, '2015-04-15', 9, 'SD002'),
(29, 5, 0, '2015-04-15', 8, 'SD002'),
(30, 5, 0, '2015-04-15', 8, 'SD002'),
(31, 5, 0, '2015-04-15', 10, 'SD002'),
(32, 5, 0, '2015-04-15', 0, 'SD002'),
(33, 5, 0, '2015-04-15', 9, 'SD002'),
(34, 5, 1, '2015-04-15', 8, 'SD002'),
(35, 5, 1, '2015-04-15', 8, 'SD002'),
(36, 5, 0, '2015-04-15', 9, 'SD002'),
(37, 9, 1, '2015-04-15', 16, 'SD002'),
(38, 9, 2, '2015-04-15', 10, 'SD001'),
(39, 9, 2, '2015-04-15', 7, 'SD002'),
(40, 9, 2, '2015-04-15', 11, 'SD001'),
(41, 5, 0, '2015-04-20', 14, 'SD001'),
(42, 5, 1, '2015-04-20', 6, 'SD001'),
(43, 5, 2, '2015-04-21', 20, 'SD001'),
(44, 5, 2, '2015-04-21', 15, 'SD002'),
(45, 10, 2, '2015-04-21', 11, 'SD001'),
(46, 10, 2, '2015-04-21', 0, 'SD001'),
(47, 10, 3, '2015-04-21', 14, 'SD001'),
(48, 10, 2, '2015-04-21', 8, 'SD001'),
(50, 5, 1, '2015-04-23', 17, 'SD001');

-- --------------------------------------------------------

--
-- Table structure for table `kelas`
--

CREATE TABLE IF NOT EXISTS `kelas` (
  `idKelas` varchar(6) NOT NULL,
  `deskripsi` text,
  `gambar` varchar(2048) DEFAULT NULL,
  `sertifikat` varchar(256) DEFAULT NULL,
  `waktuTes` int(255) NOT NULL,
  PRIMARY KEY (`idKelas`)
) ENGINE=InnoDB DEFAULT CHARSET=latin1;

--
-- Dumping data for table `kelas`
--

INSERT INTO `kelas` (`idKelas`, `deskripsi`, `gambar`, `sertifikat`, `waktuTes`) VALUES
('SD001', 'Di Kelas 1, kamu akan belajar mengenai banyak hal baru. Belajar matematika untuk pertama kalinya memang sangat menyenangkan...', 'bug.png', 'Sertifikat1.jpg', 55),
('SD002', 'Pada Kelas 2, kamu akan mempelajari matematika yang lebih menantang! Bersiaplah untuk memasuki petualangan angka yang menegangkan!', 'bee.png', 'Sertifikat2.jpg', 20),
('SD003', 'Pada Kelas 3, pelajaran matematika akan semakin seru saja :)', 'owl.png', 'Sertifikat3.jpg', 0),
('SD004', 'asdsad', '3cin2.jpg', NULL, 20),
('SD005', 'sadasda', '3c11.png', NULL, 0);

-- --------------------------------------------------------

--
-- Table structure for table `kunjungan`
--

CREATE TABLE IF NOT EXISTS `kunjungan` (
  `tanggal` date NOT NULL,
  `jumlah` int(255) NOT NULL,
  `idKelas` varchar(6) NOT NULL DEFAULT '',
  PRIMARY KEY (`idKelas`,`tanggal`)
) ENGINE=InnoDB DEFAULT CHARSET=latin1;

--
-- Dumping data for table `kunjungan`
--

INSERT INTO `kunjungan` (`tanggal`, `jumlah`, `idKelas`) VALUES
('2015-05-01', 2, 'SD001'),
('2015-05-02', 4, 'SD001'),
('2015-05-05', 10, 'SD001'),
('2015-05-07', 6, 'SD001'),
('2015-05-10', 1, 'SD001'),
('2015-05-12', 1, 'SD001'),
('2015-05-13', 12, 'SD001'),
('2015-05-19', 4, 'SD001'),
('2015-05-20', 6, 'SD001'),
('2015-05-24', 1, 'SD001'),
('2015-05-04', 7, 'SD002'),
('2015-05-12', 1, 'SD002'),
('2015-05-13', 1, 'SD002'),
('2015-05-19', 2, 'SD002'),
('2015-05-20', 1, 'SD002'),
('2015-05-22', 1, 'SD002'),
('2010-07-07', 17, 'SD003'),
('2015-05-08', 4, 'SD003'),
('2015-05-13', 12, 'SD003'),
('2015-05-19', 3, 'SD003'),
('2015-05-19', 1, 'SD004'),
('2015-05-19', 1, 'SD005'),
('2015-05-20', 1, 'SD005');

-- --------------------------------------------------------

--
-- Table structure for table `materi`
--

CREATE TABLE IF NOT EXISTS `materi` (
  `idMateri` int(10) NOT NULL AUTO_INCREMENT,
  `idKelas` varchar(6) NOT NULL COMMENT 'Foreign Key ke table: Kelas column: kelas',
  `nama` varchar(50) NOT NULL,
  `rangkuman` text NOT NULL,
  `deskripsi` text NOT NULL,
  `gambar` varchar(2048) DEFAULT NULL,
  PRIMARY KEY (`idMateri`,`idKelas`),
  KEY `idKelas` (`idKelas`)
) ENGINE=InnoDB  DEFAULT CHARSET=latin1 AUTO_INCREMENT=35 ;

--
-- Dumping data for table `materi`
--

INSERT INTO `materi` (`idMateri`, `idKelas`, `nama`, `rangkuman`, `deskripsi`, `gambar`) VALUES
(1, 'SD001', 'Lambang Bilangan Cacah', '1. Membilang bilangan berarti menyatakan besar suatu bilangan.<br> <br>2. Membaca bilangan berarti menyebutkan anama suatu bilangan.<br> <br>3. Menulis bilangan berarti menyatakan bilangan dalam bentuk lambangnya.<br>4. Jumlah kumpulan benda dapat lebih banyak, dapat lebih sedikit, atau dapat sama.<br>5. Urutan jumlah benda dapat dimulai dari yang paling banyak atau paling sedikit.', 'Mengenal lambang bilangan dari 1 sampai 10', '3.png'),
(2, 'SD001', 'Penjumlahan', ' Penjumlahan berarti penambahan dua atau lebih bilangan. <br> Penjumlahan disimbolkan tanda +.<br>\r\n<br> Yuk coba hafalkan penjumlahan dasar<br>\r\n<br>1 + 1 = 2\r\n<br> 2 + 2 = 4\r\n<br> 3 + 3 = 6\r\n<br> 4 + 4 = 8\r\n<br> 5 + 5 = 10', 'Penjumlahan sederhana dari 1 - 10', '2.png'),
(3, 'SD001', 'Pengurangan', 'Pengurangan menggunakan tanda minus atau -.<br>\r\nHafalkan pengurangan dasar yukk....<br>\r\n<br>2 - 1 = 1\r\n<br>3 - 1 = 2\r\n<br>4 - 1 = 3\r\n<br>5 - 1 = 4\r\n<br> 6 - 1 = 6\r\n<br> 7 - 1 = 7\r\n<br> 8 - 1 = 8\r\n<br> 9 - 1 = 9\r\n<br> 10 - 1 = 10', 'Pengurangan sampai 10', '4.png'),
(4, 'SD001', 'Jam', 'Jam ada dari 1.00 sampai 24.00.\r\n<br> Selain jam, ada pula menit\r\n<br> Ayo belajar jam dengan menyenangkan', 'Pengenalan jam', '6.png'),
(5, 'SD001', 'Pengukuran Berat', '1. Benda ada yang berat dan ada yang ringan.<br>2. Benda ringan dapat dengan mudah dipegang dan diangkat.<br>3. Benda berat susah untuk diangkat. <br>4. Berat benda dapat diukur dengan satuan tidak baku.<br>5. Dua benda dapat dibandingkan berdasarkan beratnya.', 'Mana yang lebih berat?', 'lingkaran.png'),
(6, 'SD001', 'Bangun Datar', '1. Bentuk benda bermacam-macam ada benda bentuk segi empat, segitiga, dan lingkaran. <br>2. Benda bentuk segi empat memiliki empat sisi.<br>3. Benda bentuk segitiga memiliki tiga sisi.<br>4. Benda bentuk lingkaran memiliki satu sisi.<br>5. Tepi sebuah benda disebut sisi.', 'Persegi, lingkaran, segitiga adalah contoh bangun datar', 'triangle.png'),
(8, 'SD002', 'Penjumlahan', '', '', 'wolf.png'),
(20, 'SD003', 'Bilangan', '1. Bilangan terletak pada garis bilangan.<br>2. Bilangan dapat dilakukan operasi hitung seperti penjumlahan, pengurangan, perkalian, pembagian, dan campuran.<br>3. Bilangan bisa diterapkan pada masalah yang berkaitan dengan uang. Seperti jumlah harga sekelompok barang atau menghitung uang kembalian.', 'Mengenal bilangan tiga angka', 'wolf.png'),
(21, 'SD003', 'Pengukuran', '1. Panjang diukur menggunakan penggaris atau meteran gulung.<br>2. Berat diukur menggunakan timbangan.<br>3. Waktu diukur menggunakan jam analog, jam digital, atau stopwatch.', 'Mengenal hubungan antarsatuan waktu, panjang, dan berat', 'wolf.png'),
(22, 'SD003', 'Bilangan Pecahan', '1. Mengenal pecahan sederhana.<br>2. Membandingkan pecahan sederhana.<br>3. Menyelesaikan masalah tentang pecahan sederhana.', 'Mengenal pecahan sederhana', 'wolf.png'),
(23, 'SD003', 'Bangun Datar', '1. Bangun datar memiliki sisi dan sudut.<br>2. Bangun datar terdiri dari persegi, persegi panjang, dan segitiga.', 'Mengenal berbagai bangun datar', 'wolf.png'),
(24, 'SD004', 'Bilangan Cacah', '1. Sifat-sifat operasi hitung:<br>a. Sifat komutatif, yaitu sifat pertukaran tempat.<br>b. Sifat asosisatif, yaitu sifat pengelompokan.<br>c. Sifat distributif, yaitu sifat penyebaran.<br>d. Identitas pada penjumlahan, yaitu 0.<br>e. Identitas pada perkalian, yaitu 1.<br>\r\n<br>2. Dalam mengurutkan bilangan harus diperhatikan nilai tempat terbesar dari bilangan-bilangan tersebut.<br>3. Dalam memecahkan masalah yang melibatkan uang kita harus mengetahui nilai mata uang.', '', 'wolf.png'),
(25, 'SD004', 'Faktor dan Kelipatan', '1. Kelipatan suatu bilangan merupakan bilangan-bilangan hasil penjumlahan dengan bilangan yang sama secara terus menerus atau hasil perkalian bilangan tersebut dengan aslinya.<br>2. Faktor suatu bilangan adalah semua bilangan yang dapat membagi bilangan tersebut.<br>3. Kelipatan persekutuan dari beberapa bilangan adalah kelipatan yang sama dari bilangan-bilangan tersebut.<br>4. Faktor persekutuan dari beberapa bilangan adalah faktor yang sama dari bilangan-bilangan tersebut.<br>5. Kelipatan Persekutuan Terkeci (KPK) dari dua bilangan adalah kelipatn bersama terkecil dari bilangan-bilangan tersebut.<br>6. Faktor Persekutuan Terbesar (FPB) dari beberapa bilangan merupakan faktor bersama yang terbesar dari bilangan-bilangan tersebut.', '', 'wolf.png'),
(26, 'SD004', 'Bilangan Bulat', '1. Bilangan bulat terdiri atas tiga jenis.<br>a. Bilangan bulat positif.<br>b. Bilangan bulat nol.<br>c. Bilangan bulat negatif.<br>\r\n<br>2. Mengurutkan bilangan bulat pada garis bilangan bulat.<br>a. Sebelah kanan nol (0) adalah bilangan bulat positif.<br>b. Sebelah kiri nol (0) adalah bilangan bulat negatif.<br>\r\n<br>3. Operasi campuran pada bilangan bulat dimulai dari operasi sebelah kiri.', '', 'wolf.png'),
(27, 'SD004', 'Pecahan', '1. Bilangan pecahan adalah bilangan yang berbentuk a/b.<br>a/b dibaca a per b<br>a dan b adalah bilangan bulat<br>a disebut pembilang<br>b disebut penyebut. Nilai b tidak sama dengan 0.<br>\r\n<br>2. Untuk pecahan berpenyebut sama, semakin besar pembilang semakin besar nilainya.<br>3. Penyederhanaan pecahan dilakukan dengan membagi pembilang dan penyebut FPB dari pembilang dan penyebut tersebut.<br>4. Penjumlahan pecahan berpenyebut sama dilakukan dengan menjumlahkan pembilang.<br>5. Pengurangan pecahan berpenyebut sama dilakukan dengan mengurangkan pembilangnya.<br>6. Penjumlahan dan pengurangan pecahan berpenyebut berbeda disamakan penyebutnya. Penyamaan penyebut dilakukan dengan menggunakan KPK kedua penyebutnya.', '', 'wolf.png'),
(28, 'SD004', 'Bilangan Romawi', '1. Angka bilangan Romawi<br>I = 1<br> V = 5<br> X = 10<br> L = 50<br> C = 100<br> D = 500<br> M = 1.000<br>\r\n<br>2. Penjumlahan bilangan Romawi disimpan disebelah kanan.<br>3. Pengurangan bilangan Romawi disimpan di sebelah kiri.<br>4. Penggunaan bilangan Romawi pada suatu kalimat berarti menyatakan urutuan.', '', 'wolf.png'),
(29, 'SD004', 'Bangun Ruang dan Datar', '1. Berikut sifat-sifat kubus:<br>a. Mempunyai 12 rusuk yang sama panjang.<br>b. Mempunyai 6 sisi yang berbentuk persegi.<br>c. Mempunyai 8 titik sudut.<br>\r\n<br>2. Berikut sifat-sifat balok:<br>a. Mempunyai 12 rusuk yang sama panjang.<br>b. Mempunyai 6 sisi yang berbentuk persegi panjang.<br>c. Mempunyai 8 titik sudut.<br>d. Rusuk yang sejajar sama panjang<br>\r\n<br>3. Sifat-sfat pencerminan adalah sebagai berikut:<br>a. Jarak benda terhadap cermin sama panjang dengan jarak cermin ke bayangan.<br>b. Tinggi bend sama dengan tinggi bayangan.<br>c. Besar benda sama dengan besar bayangan.<br>d. Posisi benda berlawanan dengan bayangan.', '', 'wolf.png'),
(30, 'SD005', 'Bilangan Bulat', '1. Membulatkan ke satuan terdekat.<br>- angka persepuluhan kurang dari 5, dibulatkan menjadi 0.<br>- angka persepuluhan lebih dari atau sama dengan 5, dibulatkan menjadi 1.<br>\r\n<br>2. Membulatkan ke puluhan terdekat.<br>- angka satuan kurang dari 5, dibulatkan menjadi 0.<br>- angka satuan lebih dari atau sama dengan 5, dibulatkan menjadi 10.<br>\r\n<br>3. Membulatkan ke ratusan terdekat.<br>- angka puluhan kurang dari 50, dibulatkan menjadi 0.<br>- angka puluhan lebih dari atau sama dengan 50, dibulatkan menjadi 100.<br>\r\n<br>4. Membulatkan ke ribuan terdekat.<br>- angka ratusan kurang dari 500, dibulatkan menjadi 0.<br>- angka ratusan lebih dari atau sama dengan 500, dibulatkan menjadi 1000.', '', 'wolf.png'),
(31, 'SD005', 'Pengukuran', '1. Menentukan tanda waktu dengan notasi 24 jam, yaitu dari pukul 1 siang sampai 12 malam. Dengan menambahkan bilangan 12 dengan pukul yang ditunjukkan kedua jarum.<br>Contoh : pukul 05,00 sore dapat ditulis 17.00<br>Cara : 05.00 + 12.00 = 17.00<br>\r\n<br>2. Hubungan jam, menit, dan detik.<br>1 jam = 60 menit<br>1 menit = 60 detik<br> 1 jam = (60 X 60) detik = 3600 detik<br>\r\n<br>3. Cara mengukur sudut.<br>a. dengan menggunakan sudut satuan.<br>b. dengan menggunakan sudut derajat.<br>\r\n<br>4. Jenis sudut.<br>a. sudut lancip, yaitu besarnya kurang dari 90 derajat.<br>b. sudut siku-siku yaitu besarnya 90 derajat.<br>c. sudut tumpul yaitu besarnya lebih dari 90 derajat.<br>\r\n<br>6. Hubungan waktu, jarak, dan kecepatan.<br>Kecepatan = jarak/waktu<br>Jarak = kecepatan X waktu<br> Waktu = jarak/kecepatan', '', 'wolf.png'),
(32, 'SD005', 'Bangun Datar', 'Menentukan luas trapesium dan layang-layang<br>1. Luas trapesium:<br>L = 1/2 X (jumlah dua sisi yang sejajar) X t<br>\r\n<br>2. Luas layang-layang:<br>L = (diagonal 1 X diagonal 2)/2', 'Menghitung luas bangun datar', 'wolf.png'),
(33, 'SD005', 'Balok dan Kubus', 'Menentukan volume kubus dan balok<br>1. Volume kubus<br>volume = s x s x s<br>\r\n<br>2. Volume balok<br>volume = p x l x t', 'Menghitung volume kubus dan balok', 'wolf.png'),
(34, 'SD005', 'Pecahan', '1. Bentuk persen ditulis "%". Bentuk persen adalah bentuk perseratus.<br>2. Mengubah pecahan ke bentuk persen adalah mengalikan pecahan dengan 100%.<br>3. Mengubah persen ke pecahan dilakukan dengan mengganti bentuk a% dengan a/100.<br>4. Mengubah pecahan desimal, yaitu dengan membagi pembilang dengan penyebut.<br>5. Mengubah desimal ke pecahan, yaitu dengan disederhanakan.6. Skala merupakan perbandingan jarak pada peta dengan jarak sebenarnya.<br>Skala = jarak pada peta/jarak sebenarnya', '', 'wolf.png');

-- --------------------------------------------------------

--
-- Table structure for table `medali`
--

CREATE TABLE IF NOT EXISTS `medali` (
  `username` varchar(50) NOT NULL,
  `idMateri` int(10) NOT NULL,
  PRIMARY KEY (`username`,`idMateri`),
  KEY `idMateri` (`idMateri`)
) ENGINE=InnoDB DEFAULT CHARSET=latin1;

--
-- Dumping data for table `medali`
--

INSERT INTO `medali` (`username`, `idMateri`) VALUES
('admin', 1),
('admin', 3),
('admin', 5),
('admin', 6),
('admin', 8);

-- --------------------------------------------------------

--
-- Table structure for table `pesan`
--

CREATE TABLE IF NOT EXISTS `pesan` (
  `idPesan` int(10) NOT NULL AUTO_INCREMENT,
  `tanggal` date NOT NULL,
  `isi` text NOT NULL,
  `email` varchar(50) NOT NULL,
  PRIMARY KEY (`idPesan`)
) ENGINE=InnoDB  DEFAULT CHARSET=latin1 AUTO_INCREMENT=11 ;

--
-- Dumping data for table `pesan`
--

INSERT INTO `pesan` (`idPesan`, `tanggal`, `isi`, `email`) VALUES
(3, '2015-05-12', 'Admin, nggak bisa log in nih. Tapi bukan lupa password. Lupanya username', 'hirohamada@bighero6.com'),
(4, '2015-05-18', 'Admin, mau daftar caranya gimana sich?', 'tadashi@baymax.com'),
(10, '2015-05-24', 'Halo admin, iMath menarik ya...', 'annabjorgman@gmail.com');

-- --------------------------------------------------------

--
-- Table structure for table `pilihan_jawaban`
--

CREATE TABLE IF NOT EXISTS `pilihan_jawaban` (
  `pilihanGanda` char(1) NOT NULL,
  `idSoal` int(10) NOT NULL AUTO_INCREMENT,
  `idMateri` int(10) NOT NULL,
  `idKelas` varchar(6) NOT NULL,
  `deskripsi` text NOT NULL,
  `gambarJawaban` varchar(2048) DEFAULT NULL,
  PRIMARY KEY (`pilihanGanda`,`idSoal`,`idMateri`,`idKelas`),
  KEY `FK_ID_MATERI` (`idMateri`),
  KEY `FK_ID_Kelas` (`idKelas`),
  KEY `foreign_key_id_soal` (`idSoal`)
) ENGINE=InnoDB  DEFAULT CHARSET=latin1 AUTO_INCREMENT=791 ;

--
-- Dumping data for table `pilihan_jawaban`
--

INSERT INTO `pilihan_jawaban` (`pilihanGanda`, `idSoal`, `idMateri`, `idKelas`, `deskripsi`, `gambarJawaban`) VALUES
('a', 1, 1, 'SD001', 'dua', NULL),
('a', 2, 1, 'SD001', 'empat', NULL),
('a', 3, 1, 'SD001', 'tiga', NULL),
('a', 4, 1, 'SD001', 'tiga', NULL),
('a', 5, 1, 'SD001', 'empat', NULL),
('a', 6, 1, 'SD001', 'tujuh', NULL),
('a', 7, 1, 'SD001', 'lima', NULL),
('a', 8, 1, 'SD001', 'sembilan', NULL),
('a', 9, 1, 'SD001', 'sembilan', NULL),
('a', 10, 1, 'SD001', 'sembilan', NULL),
('a', 11, 1, 'SD001', '7', NULL),
('a', 12, 1, 'SD001', '3', NULL),
('a', 13, 1, 'SD001', '8', NULL),
('a', 14, 1, 'SD001', '4', NULL),
('a', 15, 1, 'SD001', '5', NULL),
('a', 16, 1, 'SD001', '9', NULL),
('a', 17, 1, 'SD001', '9', NULL),
('a', 18, 1, 'SD001', '9', NULL),
('a', 19, 1, 'SD001', '10', NULL),
('a', 20, 1, 'SD001', '2', NULL),
('a', 21, 2, 'SD001', '2', NULL),
('a', 22, 2, 'SD001', '4', NULL),
('a', 23, 2, 'SD001', '6', NULL),
('a', 24, 2, 'SD001', '8', NULL),
('a', 25, 2, 'SD001', '10', NULL),
('a', 26, 2, 'SD001', '4', NULL),
('a', 27, 2, 'SD001', '6', NULL),
('a', 28, 2, 'SD001', '8', NULL),
('a', 29, 2, 'SD001', '9', NULL),
('a', 30, 2, 'SD001', '4', NULL),
('a', 31, 2, 'SD001', '6', NULL),
('a', 32, 2, 'SD001', '8', NULL),
('a', 33, 2, 'SD001', '9', NULL),
('a', 34, 2, 'SD001', '8', NULL),
('a', 35, 2, 'SD001', '9', NULL),
('a', 36, 2, 'SD001', '8', NULL),
('a', 37, 2, 'SD001', '7', NULL),
('a', 38, 2, 'SD001', '8', NULL),
('a', 39, 2, 'SD001', '8', NULL),
('a', 40, 2, 'SD001', '10', NULL),
('a', 41, 2, 'SD001', '9', NULL),
('a', 42, 1, 'SD001', 'tujuh', NULL),
('a', 43, 1, 'SD001', 'dua', NULL),
('a', 44, 3, 'SD001', '4', NULL),
('a', 45, 3, 'SD001', '4', NULL),
('a', 47, 6, 'SD001', 'Persegi', NULL),
('a', 48, 1, 'SD001', 'asdasd', NULL),
('a', 49, 4, 'SD001', 'asdsad', NULL),
('a', 55, 1, 'SD001', 'asdsa', NULL),
('a', 56, 4, 'SD001', 'sadas', NULL),
('a', 57, 4, 'SD001', '1', NULL),
('a', 301, 24, 'SD004', '70 + 42', NULL),
('a', 302, 24, 'SD004', '9.504', NULL),
('a', 303, 24, 'SD004', 'delapan puluh sembilan ribu enam ratus satu', NULL),
('a', 304, 24, 'SD004', '89.400', NULL),
('a', 305, 24, 'SD004', '50', NULL),
('a', 306, 24, 'SD004', '32', NULL),
('a', 307, 24, 'SD004', '20.500', NULL),
('a', 308, 24, 'SD004', '4.500.000', NULL),
('a', 309, 24, 'SD004', '87.000', NULL),
('a', 310, 24, 'SD004', '50', NULL),
('a', 311, 24, 'SD004', '80 + 32', NULL),
('a', 312, 24, 'SD004', '9.504', NULL),
('a', 313, 24, 'SD004', 'delapan puluh delapan ribu lima ratus satu', NULL),
('a', 314, 24, 'SD004', '99.400', NULL),
('a', 315, 24, 'SD004', '25', NULL),
('a', 316, 24, 'SD004', '31', NULL),
('a', 317, 24, 'SD004', '30.500', NULL),
('a', 318, 24, 'SD004', '4.500.000', NULL),
('a', 319, 24, 'SD004', '97.000', NULL),
('a', 320, 24, 'SD004', '100', NULL),
('a', 321, 25, 'SD004', '108', NULL),
('a', 322, 25, 'SD004', '125, 185, 195', NULL),
('a', 323, 25, 'SD004', '48', NULL),
('a', 324, 25, 'SD004', '36, 52, dan 110', NULL),
('a', 325, 25, 'SD004', '72', NULL),
('a', 326, 25, 'SD004', '24', NULL),
('a', 327, 25, 'SD004', '30', NULL),
('a', 328, 25, 'SD004', '76', NULL),
('a', 329, 25, 'SD004', '5', NULL),
('a', 330, 25, 'SD004', '24', NULL),
('a', 331, 25, 'SD004', '108', NULL),
('a', 332, 25, 'SD004', '125, 185', NULL),
('a', 333, 25, 'SD004', '48', NULL),
('a', 334, 25, 'SD004', '36, 52, dan 110', NULL),
('a', 335, 25, 'SD004', '36', NULL),
('a', 336, 25, 'SD004', '24', NULL),
('a', 337, 25, 'SD004', '30', NULL),
('a', 338, 25, 'SD004', '76', NULL),
('a', 339, 25, 'SD004', '5', NULL),
('a', 340, 25, 'SD004', '24', NULL),
('a', 341, 26, 'SD004', '-4', NULL),
('a', 342, 26, 'SD004', '12', NULL),
('a', 343, 26, 'SD004', '<', NULL),
('a', 344, 26, 'SD004', '59', NULL),
('a', 345, 26, 'SD004', '-12, -11, -7, 0, 10', NULL),
('a', 346, 26, 'SD004', '2', NULL),
('a', 347, 26, 'SD004', '-10', NULL),
('a', 348, 26, 'SD004', '7', NULL),
('a', 349, 26, 'SD004', '-4', NULL),
('a', 350, 26, 'SD004', '210 m', NULL),
('a', 351, 26, 'SD004', '-4', NULL),
('a', 352, 26, 'SD004', '12', NULL),
('a', 353, 26, 'SD004', '<', NULL),
('a', 354, 26, 'SD004', '69', NULL),
('a', 355, 26, 'SD004', '10, 0, -7, -11, -12', NULL),
('a', 356, 26, 'SD004', '2', NULL),
('a', 357, 26, 'SD004', '-10', NULL),
('a', 358, 26, 'SD004', '7', NULL),
('a', 359, 26, 'SD004', '-5', NULL),
('a', 360, 26, 'SD004', '200 m', NULL),
('a', 361, 27, 'SD004', 'sepersepuluh', NULL),
('a', 362, 27, 'SD004', '3/5', NULL),
('a', 363, 27, 'SD004', '1/4', NULL),
('a', 364, 27, 'SD004', '12/18, 15/18, 18/18, 9/18, 7/18, 10/18', NULL),
('a', 365, 27, 'SD004', '7/12', NULL),
('a', 366, 27, 'SD004', '23/3', NULL),
('a', 367, 27, 'SD004', '62/25', NULL),
('a', 368, 27, 'SD004', '10/12', NULL),
('a', 369, 27, 'SD004', '22/4', NULL),
('a', 370, 27, 'SD004', 'Rp 3.750,00', NULL),
('a', 371, 27, 'SD004', 'dua persepuluh', NULL),
('a', 372, 27, 'SD004', '4/5', NULL),
('a', 373, 27, 'SD004', '1/4', NULL),
('a', 374, 27, 'SD004', '12/18, 15/18, 18/18, 9/18, 7/18, 10/18', NULL),
('a', 375, 27, 'SD004', '7/12', NULL),
('a', 376, 27, 'SD004', '23/3', NULL),
('a', 377, 27, 'SD004', '65/25', NULL),
('a', 378, 27, 'SD004', '12/12', NULL),
('a', 379, 27, 'SD004', '19/4', NULL),
('a', 380, 27, 'SD004', 'Rp 3.750,00', NULL),
('a', 381, 28, 'SD004', '24', NULL),
('a', 382, 28, 'SD004', 'XXI', NULL),
('a', 383, 28, 'SD004', '11', NULL),
('a', 384, 28, 'SD004', '68', NULL),
('a', 385, 28, 'SD004', '29 = 10 + 10 + (10-1) = XXIX', NULL),
('a', 386, 28, 'SD004', '48 = XXXXVIII', NULL),
('a', 387, 28, 'SD004', 'XIII', NULL),
('a', 388, 28, 'SD004', 'XLIII, XXXVI, XXVII', NULL),
('a', 389, 28, 'SD004', 'XXIX', NULL),
('a', 390, 28, 'SD004', '56', NULL),
('a', 391, 28, 'SD004', '25', NULL),
('a', 392, 28, 'SD004', 'XI', NULL),
('a', 393, 28, 'SD004', '11', NULL),
('a', 394, 28, 'SD004', '67', NULL),
('a', 395, 28, 'SD004', '29 = 10 + 10 + 8 = XXVIII', NULL),
('a', 396, 28, 'SD004', '48 = XXXXVIII', NULL),
('a', 397, 28, 'SD004', 'XIII', NULL),
('a', 398, 28, 'SD004', 'XLIII, XXVI, XXVII', NULL),
('a', 399, 28, 'SD004', 'XXIX', NULL),
('a', 400, 28, 'SD004', '57', NULL),
('a', 401, 29, 'SD004', 'benda ke cermin', NULL),
('a', 402, 29, 'SD004', '8', NULL),
('a', 403, 29, 'SD004', '8', NULL),
('a', 404, 29, 'SD004', 'persegi', NULL),
('a', 405, 29, 'SD004', '12', NULL),
('a', 406, 29, 'SD004', '11', NULL),
('a', 407, 29, 'SD004', 'posisi benda', NULL),
('a', 408, 29, 'SD004', '18', NULL),
('a', 409, 29, 'SD004', '8', NULL),
('a', 410, 29, 'SD004', 'benda ke cermin', NULL),
('a', 411, 24, 'SD004', '70 + 42', NULL),
('a', 412, 24, 'SD004', '9.504', NULL),
('a', 413, 24, 'SD004', 'delapan puluh sembilan ribu enam ratus satu', NULL),
('a', 414, 24, 'SD004', '89.400', NULL),
('a', 415, 24, 'SD004', '50', NULL),
('a', 416, 25, 'SD004', '24', NULL),
('a', 417, 25, 'SD004', '30', NULL),
('a', 418, 25, 'SD004', '76', NULL),
('a', 419, 25, 'SD004', '5', NULL),
('a', 420, 25, 'SD004', '24', NULL),
('a', 421, 26, 'SD004', '-4', NULL),
('a', 422, 26, 'SD004', '12', NULL),
('a', 423, 26, 'SD004', '<', NULL),
('a', 424, 26, 'SD004', '69', NULL),
('a', 425, 26, 'SD004', '10, 0, -7, -11, -12', NULL),
('a', 426, 27, 'SD004', '23/3', NULL),
('a', 427, 27, 'SD004', '65/25', NULL),
('a', 428, 27, 'SD004', '12/12', NULL),
('a', 429, 27, 'SD004', '19/4', NULL),
('a', 430, 27, 'SD004', 'Rp 3.750,00', NULL),
('a', 431, 28, 'SD004', '24', NULL),
('a', 432, 28, 'SD004', 'XXI', NULL),
('a', 433, 28, 'SD004', '11', NULL),
('a', 434, 28, 'SD004', '68', NULL),
('a', 435, 28, 'SD004', '29 = 10 + 10 + (10-1) = XXIX', NULL),
('a', 436, 29, 'SD004', '11', NULL),
('a', 437, 29, 'SD004', 'posisi benda', NULL),
('a', 438, 29, 'SD004', '18', NULL),
('a', 439, 29, 'SD004', '8', NULL),
('a', 440, 29, 'SD004', 'benda ke cermin', NULL),
('a', 501, 30, 'SD005', '347.165', NULL),
('a', 502, 30, 'SD005', '132.621', NULL),
('a', 503, 30, 'SD005', '15', NULL),
('a', 504, 30, 'SD005', '112', NULL),
('a', 505, 30, 'SD005', '3.000', NULL),
('a', 506, 30, 'SD005', '5.000', NULL),
('a', 507, 30, 'SD005', '45.000', NULL),
('a', 508, 30, 'SD005', '10.00', NULL),
('a', 509, 30, 'SD005', '5 buah', NULL),
('a', 510, 30, 'SD005', '52, 63, 78, dan 81', NULL),
('a', 511, 30, 'SD005', '347.165', NULL),
('a', 512, 30, 'SD005', '132.621', NULL),
('a', 513, 30, 'SD005', '15', NULL),
('a', 514, 30, 'SD005', '112', NULL),
('a', 515, 30, 'SD005', '3.000', NULL),
('a', 516, 30, 'SD005', '5.000', NULL),
('a', 517, 30, 'SD005', '45.000', NULL),
('a', 518, 30, 'SD005', '10.00', NULL),
('a', 519, 30, 'SD005', '5 buah', NULL),
('a', 520, 30, 'SD005', '52, 63, 78, dan 81', NULL),
('a', 521, 31, 'SD005', '6', NULL),
('a', 522, 31, 'SD005', '9.30', NULL),
('a', 523, 31, 'SD005', '120', NULL),
('a', 524, 31, 'SD005', '42 km/jam', NULL),
('a', 525, 31, 'SD005', '180', NULL),
('a', 526, 31, 'SD005', '12.35', NULL),
('a', 527, 31, 'SD005', '1,5 jam', NULL),
('a', 528, 31, 'SD005', '405 jam', NULL),
('a', 529, 31, 'SD005', '5', NULL),
('a', 530, 31, 'SD005', '920', NULL),
('a', 531, 31, 'SD005', '7', NULL),
('a', 532, 31, 'SD005', '10.30', NULL),
('a', 533, 31, 'SD005', '150', NULL),
('a', 534, 31, 'SD005', '42 km/jam', NULL),
('a', 535, 31, 'SD005', '240', NULL),
('a', 536, 31, 'SD005', '12.35', NULL),
('a', 537, 31, 'SD005', '1,5 jam', NULL),
('a', 538, 31, 'SD005', '405 jam', NULL),
('a', 539, 31, 'SD005', '4', NULL),
('a', 540, 31, 'SD005', '920', NULL),
('a', 541, 32, 'SD005', '90 cm', NULL),
('a', 542, 32, 'SD005', '10 cm', NULL),
('a', 543, 32, 'SD005', '140 cm2', NULL),
('a', 544, 32, 'SD005', '256 cm2', NULL),
('a', 545, 32, 'SD005', '500 dm2', NULL),
('a', 546, 32, 'SD005', '208 m2', NULL),
('a', 547, 32, 'SD005', '330 cm2', NULL),
('a', 548, 32, 'SD005', '14 cm', NULL),
('a', 549, 32, 'SD005', '75 cm2', NULL),
('a', 550, 32, 'SD005', '150 cm2', NULL),
('a', 551, 32, 'SD005', '60 cm', NULL),
('a', 552, 32, 'SD005', '10 cm', NULL),
('a', 553, 32, 'SD005', '135 cm2', NULL),
('a', 554, 32, 'SD005', '175 cm2', NULL),
('a', 555, 32, 'SD005', '300 dm2', NULL),
('a', 556, 32, 'SD005', '208 m2', NULL),
('a', 557, 32, 'SD005', '330 cm2', NULL),
('a', 558, 32, 'SD005', '14 cm', NULL),
('a', 559, 32, 'SD005', '150 cm2', NULL),
('a', 560, 32, 'SD005', '170 cm2', NULL),
('a', 561, 33, 'SD005', '729 cm3', NULL),
('a', 562, 33, 'SD005', '110.000 cm3', NULL),
('a', 563, 33, 'SD005', '190 cm3', NULL),
('a', 564, 33, 'SD005', '543 dm3', NULL),
('a', 565, 33, 'SD005', '216 cm3', NULL),
('a', 566, 33, 'SD005', '2.400 cm3', NULL),
('a', 567, 33, 'SD005', '480 dm3', NULL),
('a', 568, 33, 'SD005', '15 dm', NULL),
('a', 569, 33, 'SD005', '50.625 cm3', NULL),
('a', 570, 33, 'SD005', '1.744 cm3', NULL),
('a', 571, 33, 'SD005', '512 cm3', NULL),
('a', 572, 33, 'SD005', '110.000 cm3', NULL),
('a', 573, 33, 'SD005', '190 cm3', NULL),
('a', 574, 33, 'SD005', '425 dm3', NULL),
('a', 575, 33, 'SD005', '343 cm3', NULL),
('a', 576, 33, 'SD005', '2.125 cm3', NULL),
('a', 577, 33, 'SD005', '480 dm3', NULL),
('a', 578, 33, 'SD005', '15 dm', NULL),
('a', 579, 33, 'SD005', '40.500 cm3', NULL),
('a', 580, 33, 'SD005', '3.275 cm3', NULL),
('a', 581, 34, 'SD005', '75%', NULL),
('a', 582, 34, 'SD005', '>', NULL),
('a', 583, 34, 'SD005', '8/50', NULL),
('a', 584, 34, 'SD005', '59/9', NULL),
('a', 585, 34, 'SD005', '5/6', NULL),
('a', 586, 34, 'SD005', '>', NULL),
('a', 587, 34, 'SD005', '2/6', NULL),
('a', 588, 34, 'SD005', '24/11', NULL),
('a', 589, 34, 'SD005', '4:5', NULL),
('a', 590, 34, 'SD005', '30 km', NULL),
('a', 591, 34, 'SD005', '50%', NULL),
('a', 592, 34, 'SD005', '>', NULL),
('a', 593, 34, 'SD005', '9/50', NULL),
('a', 594, 34, 'SD005', '59/9', NULL),
('a', 595, 34, 'SD005', '7/6', NULL),
('a', 596, 34, 'SD005', '>', NULL),
('a', 597, 34, 'SD005', '2/6', NULL),
('a', 598, 34, 'SD005', '14/11', NULL),
('a', 599, 34, 'SD005', '4:5', NULL),
('a', 600, 34, 'SD005', '30 km', NULL),
('a', 601, 30, 'SD005', '347.165', NULL),
('a', 602, 30, 'SD005', '132.621', NULL),
('a', 603, 30, 'SD005', '15', NULL),
('a', 604, 30, 'SD005', '112', NULL),
('a', 605, 30, 'SD005', '3.000', NULL),
('a', 606, 31, 'SD005', '12.35', NULL),
('a', 607, 31, 'SD005', '1,5 jam', NULL),
('a', 608, 31, 'SD005', '405 jam', NULL),
('a', 609, 31, 'SD005', '5', NULL),
('a', 610, 31, 'SD005', '920', NULL),
('a', 611, 32, 'SD005', '60 cm', NULL),
('a', 612, 32, 'SD005', '10 cm', NULL),
('a', 613, 32, 'SD005', '135 cm2', NULL),
('a', 614, 32, 'SD005', '175 cm2', NULL),
('a', 615, 32, 'SD005', '300 dm2', NULL),
('a', 616, 33, 'SD005', '2.125 cm3', NULL),
('a', 617, 33, 'SD005', '480 dm3', NULL),
('a', 618, 33, 'SD005', '15 dm', NULL),
('a', 619, 33, 'SD005', '40.500 cm3', NULL),
('a', 620, 33, 'SD005', '3.275 cm3', NULL),
('a', 621, 34, 'SD005', '75%', NULL),
('a', 622, 34, 'SD005', '>', NULL),
('a', 623, 34, 'SD005', '8/50', NULL),
('a', 624, 34, 'SD005', '59/9', NULL),
('a', 625, 34, 'SD005', '5/6', NULL),
('a', 790, 4, 'SD001', 'asdsa', NULL),
('b', 1, 1, 'SD001', 'tiga', NULL),
('b', 2, 1, 'SD001', 'tiga', NULL),
('b', 3, 1, 'SD001', 'empat', NULL),
('b', 4, 1, 'SD001', 'empat', NULL),
('b', 5, 1, 'SD001', 'tiga', NULL),
('b', 6, 1, 'SD001', 'enam', NULL),
('b', 7, 1, 'SD001', 'sepuluh', NULL),
('b', 8, 1, 'SD001', 'enam', NULL),
('b', 9, 1, 'SD001', 'empat', NULL),
('b', 10, 1, 'SD001', 'lima', NULL),
('b', 11, 1, 'SD001', '10', NULL),
('b', 12, 1, 'SD001', '5', NULL),
('b', 13, 1, 'SD001', '3', NULL),
('b', 14, 1, 'SD001', '1', NULL),
('b', 15, 1, 'SD001', '10', NULL),
('b', 16, 1, 'SD001', '8', NULL),
('b', 17, 1, 'SD001', '8', NULL),
('b', 18, 1, 'SD001', '7', NULL),
('b', 19, 1, 'SD001', '9', NULL),
('b', 20, 1, 'SD001', '1', NULL),
('b', 21, 2, 'SD001', '1', NULL),
('b', 22, 2, 'SD001', '6', NULL),
('b', 23, 2, 'SD001', '7', NULL),
('b', 24, 2, 'SD001', '9', NULL),
('b', 25, 2, 'SD001', '7', NULL),
('b', 26, 2, 'SD001', '3', NULL),
('b', 27, 2, 'SD001', '4', NULL),
('b', 28, 2, 'SD001', '5', NULL),
('b', 29, 2, 'SD001', '6', NULL),
('b', 30, 2, 'SD001', '6', NULL),
('b', 31, 2, 'SD001', '7', NULL),
('b', 32, 2, 'SD001', '10', NULL),
('b', 33, 2, 'SD001', '6', NULL),
('b', 34, 2, 'SD001', '7', NULL),
('b', 35, 2, 'SD001', '7', NULL),
('b', 36, 2, 'SD001', '10', NULL),
('b', 37, 2, 'SD001', '10', NULL),
('b', 38, 2, 'SD001', '10', NULL),
('b', 39, 2, 'SD001', '10', NULL),
('b', 40, 2, 'SD001', '9', NULL),
('b', 41, 2, 'SD001', '8', NULL),
('b', 42, 1, 'SD001', 'delapan', NULL),
('b', 43, 1, 'SD001', 'tiga', NULL),
('b', 44, 3, 'SD001', '5', NULL),
('b', 45, 3, 'SD001', '3', NULL),
('b', 47, 6, 'SD001', 'Lingkaran', NULL),
('b', 48, 1, 'SD001', 'sdadsa', NULL),
('b', 49, 4, 'SD001', 'adasda', NULL),
('b', 55, 1, 'SD001', 'adsa', NULL),
('b', 56, 4, 'SD001', 'asdsa', NULL),
('b', 57, 4, 'SD001', '2', NULL),
('b', 301, 24, 'SD004', '42 + (20 + 50)', NULL),
('b', 302, 24, 'SD004', '9.540', NULL),
('b', 303, 24, 'SD004', 'delapan puluh sembilan ribu lima ratus satu', NULL),
('b', 304, 24, 'SD004', '89.200', NULL),
('b', 305, 24, 'SD004', '75', NULL),
('b', 306, 24, 'SD004', '48', NULL),
('b', 307, 24, 'SD004', '20.000', NULL),
('b', 308, 24, 'SD004', '4.000.000', NULL),
('b', 309, 24, 'SD004', '89.200', NULL),
('b', 310, 24, 'SD004', '100', NULL),
('b', 311, 24, 'SD004', '32 + (20 + 50)', NULL),
('b', 312, 24, 'SD004', '9.405', NULL),
('b', 313, 24, 'SD004', 'delapan puluh sembilan ribu lima ratus satu', NULL),
('b', 314, 24, 'SD004', '99.200', NULL),
('b', 315, 24, 'SD004', '50', NULL),
('b', 316, 24, 'SD004', '47', NULL),
('b', 317, 24, 'SD004', '30.000', NULL),
('b', 318, 24, 'SD004', '3.000.000', NULL),
('b', 319, 24, 'SD004', '99.200', NULL),
('b', 320, 24, 'SD004', '50', NULL),
('b', 321, 25, 'SD004', '88', NULL),
('b', 322, 25, 'SD004', '65, 130, 185', NULL),
('b', 323, 25, 'SD004', '52', NULL),
('b', 324, 25, 'SD004', '38, 56, dan 108', NULL),
('b', 325, 25, 'SD004', '52', NULL),
('b', 326, 25, 'SD004', '12', NULL),
('b', 327, 25, 'SD004', '40', NULL),
('b', 328, 25, 'SD004', '105', NULL),
('b', 329, 25, 'SD004', '10', NULL),
('b', 330, 25, 'SD004', '12', NULL),
('b', 331, 25, 'SD004', '88', NULL),
('b', 332, 25, 'SD004', '75, 150', NULL),
('b', 333, 25, 'SD004', '52', NULL),
('b', 334, 25, 'SD004', '38, 56, dan 108', NULL),
('b', 335, 25, 'SD004', '52', NULL),
('b', 336, 25, 'SD004', '12', NULL),
('b', 337, 25, 'SD004', '40', NULL),
('b', 338, 25, 'SD004', '105', NULL),
('b', 339, 25, 'SD004', '10', NULL),
('b', 340, 25, 'SD004', '12', NULL),
('b', 341, 26, 'SD004', '-3', NULL),
('b', 342, 26, 'SD004', '16', NULL),
('b', 343, 26, 'SD004', '=', NULL),
('b', 344, 26, 'SD004', '0', NULL),
('b', 345, 26, 'SD004', '-11, -12, -7, 10, 0', NULL),
('b', 346, 26, 'SD004', '-2', NULL),
('b', 347, 26, 'SD004', '-12', NULL),
('b', 348, 26, 'SD004', '-12', NULL),
('b', 349, 26, 'SD004', '-6', NULL),
('b', 350, 26, 'SD004', '310 m', NULL),
('b', 351, 26, 'SD004', '-3', NULL),
('b', 352, 26, 'SD004', '16', NULL),
('b', 353, 26, 'SD004', '=', NULL),
('b', 354, 26, 'SD004', '0', NULL),
('b', 355, 26, 'SD004', '-11, -12, -7, 10, 0', NULL),
('b', 356, 26, 'SD004', '-2', NULL),
('b', 357, 26, 'SD004', '-12', NULL),
('b', 358, 26, 'SD004', '-12', NULL),
('b', 359, 26, 'SD004', '-6', NULL),
('b', 360, 26, 'SD004', '300 m', NULL),
('b', 361, 27, 'SD004', 'satu dibagi sepuluh', NULL),
('b', 362, 27, 'SD004', '4/5', NULL),
('b', 363, 27, 'SD004', '1/5', NULL),
('b', 364, 27, 'SD004', '9/18, 7/18, 10/18, 12/18, 15/18, 18/18', NULL),
('b', 365, 27, 'SD004', '8/12', NULL),
('b', 366, 27, 'SD004', '22/3', NULL),
('b', 367, 27, 'SD004', '61/23', NULL),
('b', 368, 27, 'SD004', '11/12', NULL),
('b', 369, 27, 'SD004', '21/4', NULL),
('b', 370, 27, 'SD004', 'Rp 2.500,00', NULL),
('b', 371, 27, 'SD004', 'dua dibagi sepuluh', NULL),
('b', 372, 27, 'SD004', '3/5', NULL),
('b', 373, 27, 'SD004', '1/5', NULL),
('b', 374, 27, 'SD004', '9/18, 7/18, 10/18, 12/18, 15/18, 18/18', NULL),
('b', 375, 27, 'SD004', '8/12', NULL),
('b', 376, 27, 'SD004', '22/3', NULL),
('b', 377, 27, 'SD004', '61/23', NULL),
('b', 378, 27, 'SD004', '11/12', NULL),
('b', 379, 27, 'SD004', '20/4', NULL),
('b', 380, 27, 'SD004', 'Rp 1.250,00', NULL),
('b', 381, 28, 'SD004', '26', NULL),
('b', 382, 28, 'SD004', 'XXIX', NULL),
('b', 383, 28, 'SD004', '110', NULL),
('b', 384, 28, 'SD004', '58', NULL),
('b', 385, 28, 'SD004', '40 = 10 + 10 + 10 + 10 = XXXX', NULL),
('b', 386, 28, 'SD004', '17 = XVII', NULL),
('b', 387, 28, 'SD004', 'XII', NULL),
('b', 388, 28, 'SD004', 'XXVII, XLIII, XXXVI', NULL),
('b', 389, 28, 'SD004', 'XLVI', NULL),
('b', 390, 28, 'SD004', '46', NULL),
('b', 391, 28, 'SD004', '26', NULL),
('b', 392, 28, 'SD004', 'XIX', NULL),
('b', 393, 28, 'SD004', '110', NULL),
('b', 394, 28, 'SD004', '57', NULL),
('b', 395, 28, 'SD004', '40 = 10 + 10 + 10 + 10 = XXXX', NULL),
('b', 396, 28, 'SD004', '16 = XVI', NULL),
('b', 397, 28, 'SD004', 'XII', NULL),
('b', 398, 28, 'SD004', 'XVII, XLIII, XXXVI', NULL),
('b', 399, 28, 'SD004', 'XLVI', NULL),
('b', 400, 28, 'SD004', '47', NULL),
('b', 401, 29, 'SD004', 'benda aslinya', NULL),
('b', 402, 29, 'SD004', '6', NULL),
('b', 403, 29, 'SD004', '4', NULL),
('b', 404, 29, 'SD004', 'persegi panjang', NULL),
('b', 405, 29, 'SD004', '11', NULL),
('b', 406, 29, 'SD004', '12', NULL),
('b', 407, 29, 'SD004', 'besar benda', NULL),
('b', 408, 29, 'SD004', '16', NULL),
('b', 409, 29, 'SD004', '6', NULL),
('b', 410, 29, 'SD004', 'bayangan ke cermin', NULL),
('b', 411, 24, 'SD004', '42 + (20 + 50)', NULL),
('b', 412, 24, 'SD004', '9.540', NULL),
('b', 413, 24, 'SD004', 'delapan puluh sembilan ribu lima ratus satu', NULL),
('b', 414, 24, 'SD004', '89.200', NULL),
('b', 415, 24, 'SD004', '75', NULL),
('b', 416, 25, 'SD004', '12', NULL),
('b', 417, 25, 'SD004', '40', NULL),
('b', 418, 25, 'SD004', '105', NULL),
('b', 419, 25, 'SD004', '10', NULL),
('b', 420, 25, 'SD004', '12', NULL),
('b', 421, 26, 'SD004', '-3', NULL),
('b', 422, 26, 'SD004', '16', NULL),
('b', 423, 26, 'SD004', '=', NULL),
('b', 424, 26, 'SD004', '0', NULL),
('b', 425, 26, 'SD004', '-11, -12, -7, 10, 0', NULL),
('b', 426, 27, 'SD004', '22/3', NULL),
('b', 427, 27, 'SD004', '61/23', NULL),
('b', 428, 27, 'SD004', '11/12', NULL),
('b', 429, 27, 'SD004', '20/4', NULL),
('b', 430, 27, 'SD004', 'Rp 1.250,00', NULL),
('b', 431, 28, 'SD004', '26', NULL),
('b', 432, 28, 'SD004', 'XXIX', NULL),
('b', 433, 28, 'SD004', '110', NULL),
('b', 434, 28, 'SD004', '58', NULL),
('b', 435, 28, 'SD004', '40 = 10 + 10 + 10 + 10 = XXXX', NULL),
('b', 436, 29, 'SD004', '12', NULL),
('b', 437, 29, 'SD004', 'besar benda', NULL),
('b', 438, 29, 'SD004', '16', NULL),
('b', 439, 29, 'SD004', '6', NULL),
('b', 440, 29, 'SD004', 'bayangan ke cermin', NULL),
('b', 501, 30, 'SD005', '247.165', NULL),
('b', 502, 30, 'SD005', '162.321', NULL),
('b', 503, 30, 'SD005', '25', NULL),
('b', 504, 30, 'SD005', '114', NULL),
('b', 505, 30, 'SD005', '2.500', NULL),
('b', 506, 30, 'SD005', '6.500', NULL),
('b', 507, 30, 'SD005', '46.500', NULL),
('b', 508, 30, 'SD005', '10.30', NULL),
('b', 509, 30, 'SD005', '4 buah', NULL),
('b', 510, 30, 'SD005', '52, 65, 78, dan 91', NULL),
('b', 511, 30, 'SD005', '247.165', NULL),
('b', 512, 30, 'SD005', '162.321', NULL),
('b', 513, 30, 'SD005', '25', NULL),
('b', 514, 30, 'SD005', '114', NULL),
('b', 515, 30, 'SD005', '2.500', NULL),
('b', 516, 30, 'SD005', '6.500', NULL),
('b', 517, 30, 'SD005', '46.500', NULL),
('b', 518, 30, 'SD005', '10.30', NULL),
('b', 519, 30, 'SD005', '4 buah', NULL),
('b', 520, 30, 'SD005', '52, 65, 78, dan 91', NULL),
('b', 521, 31, 'SD005', '8', NULL),
('b', 522, 31, 'SD005', '10.30', NULL),
('b', 523, 31, 'SD005', '140', NULL),
('b', 524, 31, 'SD005', '60 km/jam', NULL),
('b', 525, 31, 'SD005', '160', NULL),
('b', 526, 31, 'SD005', '12.45', NULL),
('b', 527, 31, 'SD005', '180 menit', NULL),
('b', 528, 31, 'SD005', '450 jam', NULL),
('b', 529, 31, 'SD005', '4', NULL),
('b', 530, 31, 'SD005', '960', NULL),
('b', 531, 31, 'SD005', '8', NULL),
('b', 532, 31, 'SD005', '9.30', NULL),
('b', 533, 31, 'SD005', '140', NULL),
('b', 534, 31, 'SD005', '70 km/jam', NULL),
('b', 535, 31, 'SD005', '160', NULL),
('b', 536, 31, 'SD005', '12.15', NULL),
('b', 537, 31, 'SD005', '180 menit', NULL),
('b', 538, 31, 'SD005', '450 jam', NULL),
('b', 539, 31, 'SD005', '5', NULL),
('b', 540, 31, 'SD005', '900', NULL),
('b', 541, 32, 'SD005', '80 cm', NULL),
('b', 542, 32, 'SD005', '20 cm', NULL),
('b', 543, 32, 'SD005', '150 cm2', NULL),
('b', 544, 32, 'SD005', '246 cm2', NULL),
('b', 545, 32, 'SD005', '200 dm2', NULL),
('b', 546, 32, 'SD005', '198 m2', NULL),
('b', 547, 32, 'SD005', '320 cm2', NULL),
('b', 548, 32, 'SD005', '17 cm', NULL),
('b', 549, 32, 'SD005', '65 cm2', NULL),
('b', 550, 32, 'SD005', '140 cm2', NULL),
('b', 551, 32, 'SD005', '80 cm', NULL),
('b', 552, 32, 'SD005', '25 cm', NULL),
('b', 553, 32, 'SD005', '150 cm2', NULL),
('b', 554, 32, 'SD005', '200 cm2', NULL),
('b', 555, 32, 'SD005', '200 dm2', NULL),
('b', 556, 32, 'SD005', '165 m2', NULL),
('b', 557, 32, 'SD005', '320 cm2', NULL),
('b', 558, 32, 'SD005', '12 cm', NULL),
('b', 559, 32, 'SD005', '125 cm2', NULL),
('b', 560, 32, 'SD005', '175 cm2', NULL),
('b', 561, 33, 'SD005', '243 cm3', NULL),
('b', 562, 33, 'SD005', '1.000 cm3', NULL),
('b', 563, 33, 'SD005', '210 cm3', NULL),
('b', 564, 33, 'SD005', '443 dm3', NULL),
('b', 565, 33, 'SD005', '316 cm3', NULL),
('b', 566, 33, 'SD005', '4.400 cm3', NULL),
('b', 567, 33, 'SD005', '420 dm3', NULL),
('b', 568, 33, 'SD005', '16 dm', NULL),
('b', 569, 33, 'SD005', '60.525 cm3', NULL),
('b', 570, 33, 'SD005', '2.744 cm3', NULL),
('b', 571, 33, 'SD005', '243 cm3', NULL),
('b', 572, 33, 'SD005', '729 cm3', NULL),
('b', 573, 33, 'SD005', '210 cm3', NULL),
('b', 574, 33, 'SD005', '325 dm3', NULL),
('b', 575, 33, 'SD005', '316 cm3', NULL),
('b', 576, 33, 'SD005', '4.125 cm3', NULL),
('b', 577, 33, 'SD005', '420 dm3', NULL),
('b', 578, 33, 'SD005', '16 dm', NULL),
('b', 579, 33, 'SD005', '50.500 cm3', NULL),
('b', 580, 33, 'SD005', '3.375 cm3', NULL),
('b', 581, 34, 'SD005', '50%', NULL),
('b', 582, 34, 'SD005', '<', NULL),
('b', 583, 34, 'SD005', '10/50', NULL),
('b', 584, 34, 'SD005', '123/20', NULL),
('b', 585, 34, 'SD005', '4/6', NULL),
('b', 586, 34, 'SD005', '=', NULL),
('b', 587, 34, 'SD005', '8/10', NULL),
('b', 588, 34, 'SD005', '23/11', NULL),
('b', 589, 34, 'SD005', '5:4', NULL),
('b', 590, 34, 'SD005', '40 km', NULL),
('b', 591, 34, 'SD005', '75%', NULL),
('b', 592, 34, 'SD005', '<', NULL),
('b', 593, 34, 'SD005', '10/50', NULL),
('b', 594, 34, 'SD005', '123/20', NULL),
('b', 595, 34, 'SD005', '4/6', NULL),
('b', 596, 34, 'SD005', '=', NULL),
('b', 597, 34, 'SD005', '8/10', NULL),
('b', 598, 34, 'SD005', '13/11', NULL),
('b', 599, 34, 'SD005', '5:4', NULL),
('b', 600, 34, 'SD005', '40 km', NULL),
('b', 601, 30, 'SD005', '247.165', NULL),
('b', 602, 30, 'SD005', '162.321', NULL),
('b', 603, 30, 'SD005', '25', NULL),
('b', 604, 30, 'SD005', '114', NULL),
('b', 605, 30, 'SD005', '2.500', NULL),
('b', 606, 31, 'SD005', '12.45', NULL),
('b', 607, 31, 'SD005', '180 menit', NULL),
('b', 608, 31, 'SD005', '450 jam', NULL),
('b', 609, 31, 'SD005', '4', NULL),
('b', 610, 31, 'SD005', '960', NULL),
('b', 611, 32, 'SD005', '80 cm', NULL),
('b', 612, 32, 'SD005', '25 cm', NULL),
('b', 613, 32, 'SD005', '150 cm2', NULL),
('b', 614, 32, 'SD005', '200 cm2', NULL),
('b', 615, 32, 'SD005', '200 dm2', NULL),
('b', 616, 33, 'SD005', '4.125 cm3', NULL),
('b', 617, 33, 'SD005', '420 dm3', NULL),
('b', 618, 33, 'SD005', '16 dm', NULL),
('b', 619, 33, 'SD005', '50.500 cm3', NULL),
('b', 620, 33, 'SD005', '3.375 cm3', NULL),
('b', 621, 34, 'SD005', '50%', NULL),
('b', 622, 34, 'SD005', '<', NULL),
('b', 623, 34, 'SD005', '10/50', NULL),
('b', 624, 34, 'SD005', '123/20', NULL),
('b', 625, 34, 'SD005', '4/6', NULL),
('b', 790, 4, 'SD001', 'asda', NULL),
('c', 1, 1, 'SD001', 'satu', NULL),
('c', 2, 1, 'SD001', 'satu', NULL),
('c', 3, 1, 'SD001', 'satu', NULL),
('c', 4, 1, 'SD001', 'satu', NULL),
('c', 5, 1, 'SD001', 'enam', NULL),
('c', 6, 1, 'SD001', 'delapan', NULL),
('c', 7, 1, 'SD001', 'tujuh', NULL),
('c', 8, 1, 'SD001', 'delapan', NULL),
('c', 9, 1, 'SD001', 'enam', NULL),
('c', 10, 1, 'SD001', 'satu', NULL),
('c', 11, 1, 'SD001', '2', NULL),
('c', 12, 1, 'SD001', '2', NULL),
('c', 13, 1, 'SD001', '6', NULL),
('c', 14, 1, 'SD001', '2', NULL),
('c', 15, 1, 'SD001', '7', NULL),
('c', 16, 1, 'SD001', '7', NULL),
('c', 17, 1, 'SD001', '7', NULL),
('c', 18, 1, 'SD001', '8', NULL),
('c', 19, 1, 'SD001', '7', NULL),
('c', 20, 1, 'SD001', '7', NULL),
('c', 21, 2, 'SD001', '3', NULL),
('c', 22, 2, 'SD001', '8', NULL),
('c', 23, 2, 'SD001', '8', NULL),
('c', 24, 2, 'SD001', '7', NULL),
('c', 25, 2, 'SD001', '9', NULL),
('c', 26, 2, 'SD001', '8', NULL),
('c', 27, 2, 'SD001', '8', NULL),
('c', 28, 2, 'SD001', '7', NULL),
('c', 29, 2, 'SD001', '7', NULL),
('c', 30, 2, 'SD001', '7', NULL),
('c', 31, 2, 'SD001', '8', NULL),
('c', 32, 2, 'SD001', '9', NULL),
('c', 33, 2, 'SD001', '10', NULL),
('c', 34, 2, 'SD001', '10', NULL),
('c', 35, 2, 'SD001', '8', NULL),
('c', 36, 2, 'SD001', '9', NULL),
('c', 37, 2, 'SD001', '9', NULL),
('c', 38, 2, 'SD001', '7', NULL),
('c', 39, 2, 'SD001', '9', NULL),
('c', 40, 2, 'SD001', '8', NULL),
('c', 41, 2, 'SD001', '7', NULL),
('c', 42, 1, 'SD001', 'sepuluh', NULL),
('c', 43, 1, 'SD001', 'empat', NULL),
('c', 44, 3, 'SD001', '6', NULL),
('c', 45, 3, 'SD001', '2', NULL),
('c', 47, 6, 'SD001', 'Persegi panjang', NULL),
('c', 48, 1, 'SD001', 'sadasd', NULL),
('c', 49, 4, 'SD001', 'asdasdsa', NULL),
('c', 55, 1, 'SD001', 'sdaa', NULL),
('c', 56, 4, 'SD001', 'sadas', NULL),
('c', 57, 4, 'SD001', '3', NULL),
('c', 301, 24, 'SD004', '(50 + 30) + 30', NULL),
('c', 302, 24, 'SD004', '9.450', NULL),
('c', 303, 24, 'SD004', 'delapan puluh delapan ribu lima ratus satu', NULL),
('c', 304, 24, 'SD004', '87.000', NULL),
('c', 305, 24, 'SD004', '100', NULL),
('c', 306, 24, 'SD004', '24', NULL),
('c', 307, 24, 'SD004', '30.500', NULL),
('c', 308, 24, 'SD004', '3.500.000', NULL),
('c', 309, 24, 'SD004', '89.400', NULL),
('c', 310, 24, 'SD004', '75', NULL),
('c', 311, 24, 'SD004', '(50 + 30) + 30', NULL),
('c', 312, 24, 'SD004', '9.450', NULL),
('c', 313, 24, 'SD004', 'delapan puluh sembilan ribu enam ratus satu', NULL),
('c', 314, 24, 'SD004', '97.000', NULL),
('c', 315, 24, 'SD004', '75', NULL),
('c', 316, 24, 'SD004', '23', NULL),
('c', 317, 24, 'SD004', '20.500', NULL),
('c', 318, 24, 'SD004', '3.500.000', NULL),
('c', 319, 24, 'SD004', '99.400', NULL),
('c', 320, 24, 'SD004', '75', NULL),
('c', 321, 25, 'SD004', '122', NULL),
('c', 322, 25, 'SD004', '65, 120, 185', NULL),
('c', 323, 25, 'SD004', '72', NULL),
('c', 324, 25, 'SD004', '18, 52, dan 104', NULL),
('c', 325, 25, 'SD004', '48', NULL),
('c', 326, 25, 'SD004', '48', NULL),
('c', 327, 25, 'SD004', '60', NULL),
('c', 328, 25, 'SD004', '27', NULL),
('c', 329, 25, 'SD004', '15', NULL),
('c', 330, 25, 'SD004', '18', NULL),
('c', 331, 25, 'SD004', '122', NULL),
('c', 332, 25, 'SD004', '75, 120', NULL),
('c', 333, 25, 'SD004', '72', NULL),
('c', 334, 25, 'SD004', '18, 52, dan 104', NULL),
('c', 335, 25, 'SD004', '48', NULL),
('c', 336, 25, 'SD004', '48', NULL),
('c', 337, 25, 'SD004', '60', NULL),
('c', 338, 25, 'SD004', '27', NULL),
('c', 339, 25, 'SD004', '15', NULL),
('c', 340, 25, 'SD004', '18', NULL),
('c', 341, 26, 'SD004', '0', NULL),
('c', 342, 26, 'SD004', '4', NULL),
('c', 343, 26, 'SD004', '>', NULL),
('c', 344, 26, 'SD004', '-49', NULL),
('c', 345, 26, 'SD004', '0, 10, -7, -11, -12', NULL),
('c', 346, 26, 'SD004', '4', NULL),
('c', 347, 26, 'SD004', '-15', NULL),
('c', 348, 26, 'SD004', '5', NULL),
('c', 349, 26, 'SD004', '0', NULL),
('c', 350, 26, 'SD004', '410 m', NULL),
('c', 351, 26, 'SD004', '0', NULL),
('c', 352, 26, 'SD004', '4', NULL),
('c', 353, 26, 'SD004', '>', NULL),
('c', 354, 26, 'SD004', '-49', NULL),
('c', 355, 26, 'SD004', '0, 10, -7, -11, -12', NULL),
('c', 356, 26, 'SD004', '4', NULL),
('c', 357, 26, 'SD004', '-15', NULL),
('c', 358, 26, 'SD004', '5', NULL),
('c', 359, 26, 'SD004', '0', NULL),
('c', 360, 26, 'SD004', '400 m', NULL),
('c', 361, 27, 'SD004', 'sepuluh', NULL),
('c', 362, 27, 'SD004', '5/4', NULL),
('c', 363, 27, 'SD004', '1/2', NULL),
('c', 364, 27, 'SD004', '18/18, 15/18, 12/18, 10/18, 9/18, 7/18', NULL),
('c', 365, 27, 'SD004', '6/12', NULL),
('c', 366, 27, 'SD004', '24/3', NULL),
('c', 367, 27, 'SD004', '62/21', NULL),
('c', 368, 27, 'SD004', '12/12', NULL),
('c', 369, 27, 'SD004', '23/4', NULL),
('c', 370, 27, 'SD004', 'Rp 1.500,00', NULL),
('c', 371, 27, 'SD004', 'sepuluh', NULL),
('c', 372, 27, 'SD004', '5/4', NULL),
('c', 373, 27, 'SD004', '1/2', NULL),
('c', 374, 27, 'SD004', '7/18, 9/18, 10/18, 12/18, 15/18, 18/18', NULL),
('c', 375, 27, 'SD004', '6/12', NULL),
('c', 376, 27, 'SD004', '24/3', NULL),
('c', 377, 27, 'SD004', '65/21', NULL),
('c', 378, 27, 'SD004', '10/12', NULL),
('c', 379, 27, 'SD004', '21/4', NULL),
('c', 380, 27, 'SD004', 'Rp 1.500,00', NULL),
('c', 381, 28, 'SD004', '16', NULL),
('c', 382, 28, 'SD004', 'XIX', NULL),
('c', 383, 28, 'SD004', '9', NULL),
('c', 384, 28, 'SD004', '38', NULL),
('c', 385, 28, 'SD004', '9 = 5 + 4 = VIIII', NULL),
('c', 386, 28, 'SD004', '71 = XLVII', NULL),
('c', 387, 28, 'SD004', 'X', NULL),
('c', 388, 28, 'SD004', 'XXXVI, XLIII, XXVII', NULL),
('c', 389, 28, 'SD004', 'XXX', NULL),
('c', 390, 28, 'SD004', '44', NULL),
('c', 391, 28, 'SD004', '16', NULL),
('c', 392, 28, 'SD004', 'IX', NULL),
('c', 393, 28, 'SD004', '19', NULL),
('c', 394, 28, 'SD004', '37', NULL),
('c', 395, 28, 'SD004', '9 = 5 + 4 = VIIII', NULL),
('c', 396, 28, 'SD004', '71 = XLVII', NULL),
('c', 397, 28, 'SD004', 'XI', NULL),
('c', 398, 28, 'SD004', 'XXVI, XLIII, XXVII', NULL),
('c', 399, 28, 'SD004', 'XXX', NULL),
('c', 400, 28, 'SD004', '44', NULL),
('c', 401, 29, 'SD004', 'bayangan ke benda', NULL),
('c', 402, 29, 'SD004', '4', NULL),
('c', 403, 29, 'SD004', '6', NULL),
('c', 404, 29, 'SD004', 'lingkaran', NULL),
('c', 405, 29, 'SD004', '13', NULL),
('c', 406, 29, 'SD004', '13', NULL),
('c', 407, 29, 'SD004', 'tinggi bayangan', NULL),
('c', 408, 29, 'SD004', '12', NULL),
('c', 409, 29, 'SD004', '2', NULL),
('c', 410, 29, 'SD004', 'bayangan ke benda', NULL),
('c', 411, 24, 'SD004', '(50 + 30) + 30', NULL),
('c', 412, 24, 'SD004', '9.450', NULL),
('c', 413, 24, 'SD004', 'delapan puluh delapan ribu lima ratus satu', NULL),
('c', 414, 24, 'SD004', '87.000', NULL),
('c', 415, 24, 'SD004', '100', NULL),
('c', 416, 25, 'SD004', '48', NULL),
('c', 417, 25, 'SD004', '60', NULL),
('c', 418, 25, 'SD004', '27', NULL),
('c', 419, 25, 'SD004', '15', NULL),
('c', 420, 25, 'SD004', '18', NULL),
('c', 421, 26, 'SD004', '0', NULL),
('c', 422, 26, 'SD004', '4', NULL),
('c', 423, 26, 'SD004', '>', NULL),
('c', 424, 26, 'SD004', '-49', NULL),
('c', 425, 26, 'SD004', '0, 10, -7, -11, -12', NULL),
('c', 426, 27, 'SD004', '24/3', NULL),
('c', 427, 27, 'SD004', '65/21', NULL),
('c', 428, 27, 'SD004', '10/12', NULL),
('c', 429, 27, 'SD004', '21/4', NULL),
('c', 430, 27, 'SD004', 'Rp 1.500,00', NULL),
('c', 431, 28, 'SD004', '16', NULL),
('c', 432, 28, 'SD004', 'XIX', NULL),
('c', 433, 28, 'SD004', '9', NULL),
('c', 434, 28, 'SD004', '38', NULL),
('c', 435, 28, 'SD004', '9 = 5 + 4 = VIIII', NULL),
('c', 436, 29, 'SD004', '13', NULL),
('c', 437, 29, 'SD004', 'tinggi bayangan', NULL),
('c', 438, 29, 'SD004', '12', NULL),
('c', 439, 29, 'SD004', '2', NULL),
('c', 440, 29, 'SD004', 'bayangan ke benda', NULL),
('c', 501, 30, 'SD005', '248.165', NULL),
('c', 502, 30, 'SD005', '172.321', NULL),
('c', 503, 30, 'SD005', '35', NULL),
('c', 504, 30, 'SD005', '164', NULL),
('c', 505, 30, 'SD005', '2.000', NULL),
('c', 506, 30, 'SD005', '4.000', NULL),
('c', 507, 30, 'SD005', '43.500', NULL),
('c', 508, 30, 'SD005', '12.00', NULL),
('c', 509, 30, 'SD005', '7 buah', NULL),
('c', 510, 30, 'SD005', '51, 65, 79, dan 91', NULL),
('c', 511, 30, 'SD005', '248.165', NULL),
('c', 512, 30, 'SD005', '172.321', NULL),
('c', 513, 30, 'SD005', '35', NULL),
('c', 514, 30, 'SD005', '164', NULL),
('c', 515, 30, 'SD005', '2.000', NULL),
('c', 516, 30, 'SD005', '4.000', NULL),
('c', 517, 30, 'SD005', '43.500', NULL),
('c', 518, 30, 'SD005', '11.00', NULL),
('c', 519, 30, 'SD005', '7 buah', NULL),
('c', 520, 30, 'SD005', '51, 65, 79, dan 91', NULL),
('c', 521, 31, 'SD005', '9', NULL),
('c', 522, 31, 'SD005', '11.30', NULL),
('c', 523, 31, 'SD005', '150', NULL),
('c', 524, 31, 'SD005', '72 km/jam', NULL),
('c', 525, 31, 'SD005', '120', NULL),
('c', 526, 31, 'SD005', '1.35', NULL),
('c', 527, 31, 'SD005', '280 menit', NULL),
('c', 528, 31, 'SD005', '540 jam', NULL),
('c', 529, 31, 'SD005', '6', NULL),
('c', 530, 31, 'SD005', '1.060', NULL),
('c', 531, 31, 'SD005', '9', NULL),
('c', 532, 31, 'SD005', '11.30', NULL),
('c', 533, 31, 'SD005', '120', NULL),
('c', 534, 31, 'SD005', '72 km/jam', NULL),
('c', 535, 31, 'SD005', '120', NULL),
('c', 536, 31, 'SD005', '1.35', NULL),
('c', 537, 31, 'SD005', '210 menit', NULL),
('c', 538, 31, 'SD005', '540 jam', NULL),
('c', 539, 31, 'SD005', '6', NULL),
('c', 540, 31, 'SD005', '1.060', NULL),
('c', 541, 32, 'SD005', '70 cm', NULL),
('c', 542, 32, 'SD005', '16 cm', NULL),
('c', 543, 32, 'SD005', '135 cm2', NULL),
('c', 544, 32, 'SD005', '216 cm2', NULL),
('c', 545, 32, 'SD005', '150 dm2', NULL),
('c', 546, 32, 'SD005', '188 m2', NULL),
('c', 547, 32, 'SD005', '310 cm2', NULL),
('c', 548, 32, 'SD005', '15 cm', NULL),
('c', 549, 32, 'SD005', '55 cm2', NULL),
('c', 550, 32, 'SD005', '160 cm2', NULL),
('c', 551, 32, 'SD005', '70 cm', NULL),
('c', 552, 32, 'SD005', '15 cm', NULL),
('c', 553, 32, 'SD005', '140 cm2', NULL),
('c', 554, 32, 'SD005', '250 cm2', NULL),
('c', 555, 32, 'SD005', '150 dm2', NULL),
('c', 556, 32, 'SD005', '156 m2', NULL),
('c', 557, 32, 'SD005', '300 cm2', NULL),
('c', 558, 32, 'SD005', '15 cm', NULL),
('c', 559, 32, 'SD005', '175 cm2', NULL),
('c', 560, 32, 'SD005', '165 cm2', NULL),
('c', 561, 33, 'SD005', '81 cm3', NULL),
('c', 562, 33, 'SD005', '600 cm3', NULL),
('c', 563, 33, 'SD005', '360 cm3', NULL),
('c', 564, 33, 'SD005', '243 dm3', NULL),
('c', 565, 33, 'SD005', '416 cm3', NULL),
('c', 566, 33, 'SD005', '4.600 cm3', NULL),
('c', 567, 33, 'SD005', '360 dm3', NULL),
('c', 568, 33, 'SD005', '18 dm', NULL),
('c', 569, 33, 'SD005', '70.625 cm3', NULL),
('c', 570, 33, 'SD005', '3.744 cm3', NULL),
('c', 571, 33, 'SD005', '81 cm3', NULL),
('c', 572, 33, 'SD005', '600 cm3', NULL),
('c', 573, 33, 'SD005', '480 cm3', NULL),
('c', 574, 33, 'SD005', '225 dm3', NULL),
('c', 575, 33, 'SD005', '416 cm3', NULL),
('c', 576, 33, 'SD005', '4.225 cm3', NULL),
('c', 577, 33, 'SD005', '450 dm3', NULL),
('c', 578, 33, 'SD005', '18 dm', NULL),
('c', 579, 33, 'SD005', '60.500 cm3', NULL),
('c', 580, 33, 'SD005', '2.375 cm3', NULL),
('c', 581, 34, 'SD005', '25%', NULL),
('c', 582, 34, 'SD005', '=', NULL),
('c', 583, 34, 'SD005', '9/50', NULL),
('c', 584, 34, 'SD005', '141/20', NULL),
('c', 585, 34, 'SD005', '3/6', NULL),
('c', 586, 34, 'SD005', '<', NULL),
('c', 587, 34, 'SD005', '10/12', NULL),
('c', 588, 34, 'SD005', '34/11', NULL),
('c', 589, 34, 'SD005', '9:4', NULL),
('c', 590, 34, 'SD005', '50 km', NULL),
('c', 591, 34, 'SD005', '25%', NULL),
('c', 592, 34, 'SD005', '=', NULL),
('c', 593, 34, 'SD005', '8/50', NULL),
('c', 594, 34, 'SD005', '141/20', NULL),
('c', 595, 34, 'SD005', '3/6', NULL),
('c', 596, 34, 'SD005', '<', NULL),
('c', 597, 34, 'SD005', '10/9', NULL),
('c', 598, 34, 'SD005', '16/11', NULL),
('c', 599, 34, 'SD005', '9:4', NULL),
('c', 600, 34, 'SD005', '50 km', NULL),
('c', 601, 30, 'SD005', '248.165', NULL),
('c', 602, 30, 'SD005', '172.321', NULL),
('c', 603, 30, 'SD005', '35', NULL),
('c', 604, 30, 'SD005', '164', NULL),
('c', 605, 30, 'SD005', '2.000', NULL),
('c', 606, 31, 'SD005', '1.35', NULL),
('c', 607, 31, 'SD005', '280 menit', NULL),
('c', 608, 31, 'SD005', '540 jam', NULL),
('c', 609, 31, 'SD005', '6', NULL),
('c', 610, 31, 'SD005', '1.060', NULL),
('c', 611, 32, 'SD005', '70 cm', NULL),
('c', 612, 32, 'SD005', '15 cm', NULL),
('c', 613, 32, 'SD005', '140 cm2', NULL),
('c', 614, 32, 'SD005', '250 cm2', NULL),
('c', 615, 32, 'SD005', '150 dm2', NULL),
('c', 616, 33, 'SD005', '4.225 cm3', NULL),
('c', 617, 33, 'SD005', '450 dm3', NULL),
('c', 618, 33, 'SD005', '18 dm', NULL),
('c', 619, 33, 'SD005', '60.500 cm3', NULL),
('c', 620, 33, 'SD005', '2.375 cm3', NULL),
('c', 621, 34, 'SD005', '25%', NULL),
('c', 622, 34, 'SD005', '=', NULL),
('c', 623, 34, 'SD005', '9/50', NULL),
('c', 624, 34, 'SD005', '141/20', NULL),
('c', 625, 34, 'SD005', '3/6', NULL),
('c', 790, 4, 'SD001', 'asdas', NULL),
('d', 1, 1, 'SD001', 'empat', NULL),
('d', 2, 1, 'SD001', 'dua', NULL),
('d', 3, 1, 'SD001', 'dua', NULL),
('d', 4, 1, 'SD001', 'dua', NULL),
('d', 5, 1, 'SD001', 'lima', NULL),
('d', 6, 1, 'SD001', 'sembilan', NULL),
('d', 7, 1, 'SD001', 'satu', NULL),
('d', 8, 1, 'SD001', 'dua', NULL),
('d', 9, 1, 'SD001', 'delapan', NULL),
('d', 10, 1, 'SD001', 'sepuluh', NULL),
('d', 11, 1, 'SD001', '1', NULL),
('d', 12, 1, 'SD001', '4', NULL),
('d', 13, 1, 'SD001', '9', NULL),
('d', 14, 1, 'SD001', '3', NULL),
('d', 15, 1, 'SD001', '8', NULL),
('d', 16, 1, 'SD001', '6', NULL),
('d', 17, 1, 'SD001', '6', NULL),
('d', 18, 1, 'SD001', '6', NULL),
('d', 19, 1, 'SD001', '6', NULL),
('d', 20, 1, 'SD001', '10', NULL),
('d', 21, 2, 'SD001', '4', NULL),
('d', 22, 2, 'SD001', '10', NULL),
('d', 23, 2, 'SD001', '9', NULL),
('d', 24, 2, 'SD001', '10', NULL),
('d', 25, 2, 'SD001', '8', NULL),
('d', 26, 2, 'SD001', '2', NULL),
('d', 27, 2, 'SD001', '5', NULL),
('d', 28, 2, 'SD001', '10', NULL),
('d', 29, 2, 'SD001', '8', NULL),
('d', 30, 2, 'SD001', '10', NULL),
('d', 31, 2, 'SD001', '9', NULL),
('d', 32, 2, 'SD001', '7', NULL),
('d', 33, 2, 'SD001', '8', NULL),
('d', 34, 2, 'SD001', '9', NULL),
('d', 35, 2, 'SD001', '6', NULL),
('d', 36, 2, 'SD001', '7', NULL),
('d', 37, 2, 'SD001', '8', NULL),
('d', 38, 2, 'SD001', '9', NULL),
('d', 39, 2, 'SD001', '7', NULL),
('d', 40, 2, 'SD001', '7', NULL),
('d', 41, 2, 'SD001', '10', NULL),
('d', 42, 1, 'SD001', 'sembilan', NULL),
('d', 43, 1, 'SD001', 'lima', NULL),
('d', 44, 3, 'SD001', '7', NULL),
('d', 45, 3, 'SD001', '5', NULL),
('d', 47, 6, 'SD001', 'Segitiga', NULL),
('d', 48, 1, 'SD001', 'asdasd', NULL),
('d', 49, 4, 'SD001', 'asdasda', NULL),
('d', 55, 1, 'SD001', 'sdasda', NULL),
('d', 56, 4, 'SD001', 'asdsa', NULL),
('d', 57, 4, 'SD001', '4', NULL),
('d', 301, 24, 'SD004', '(42 + 20) + 50', NULL),
('d', 302, 24, 'SD004', '9.405', NULL),
('d', 303, 24, 'SD004', 'delapan puluh delapan ribu enam ratus satu', NULL),
('d', 304, 24, 'SD004', '87.200', NULL),
('d', 305, 24, 'SD004', '125', NULL),
('d', 306, 24, 'SD004', '28', NULL),
('d', 307, 24, 'SD004', '30.000', NULL),
('d', 308, 24, 'SD004', '3.000.000', NULL),
('d', 309, 24, 'SD004', '87.200', NULL),
('d', 310, 24, 'SD004', '125', NULL),
('d', 311, 24, 'SD004', '(32 + 20) + 50', NULL),
('d', 312, 24, 'SD004', '9.540', NULL),
('d', 313, 24, 'SD004', 'delapan puluh delapan ribu enam ratus satu', NULL),
('d', 314, 24, 'SD004', '97.200', NULL),
('d', 315, 24, 'SD004', '100', NULL),
('d', 316, 24, 'SD004', '27', NULL),
('d', 317, 24, 'SD004', '20.000', NULL),
('d', 318, 24, 'SD004', '4.000.000', NULL),
('d', 319, 24, 'SD004', '97.200', NULL),
('d', 320, 24, 'SD004', '125', NULL),
('d', 321, 25, 'SD004', '154', NULL),
('d', 322, 25, 'SD004', '65, 135, 185', NULL),
('d', 323, 25, 'SD004', '64', NULL),
('d', 324, 25, 'SD004', '36, 54, dan 108', NULL),
('d', 325, 25, 'SD004', '64', NULL),
('d', 326, 25, 'SD004', '36', NULL),
('d', 327, 25, 'SD004', '300', NULL),
('d', 328, 25, 'SD004', '51', NULL),
('d', 329, 25, 'SD004', '20', NULL),
('d', 330, 25, 'SD004', '6', NULL),
('d', 331, 25, 'SD004', '154', NULL),
('d', 332, 25, 'SD004', '75, 135', NULL),
('d', 333, 25, 'SD004', '64', NULL),
('d', 334, 25, 'SD004', '36, 54, dan 108', NULL),
('d', 335, 25, 'SD004', '64', NULL),
('d', 336, 25, 'SD004', '36', NULL),
('d', 337, 25, 'SD004', '300', NULL),
('d', 338, 25, 'SD004', '71', NULL),
('d', 339, 25, 'SD004', '20', NULL),
('d', 340, 25, 'SD004', '6', NULL),
('d', 341, 26, 'SD004', '4', NULL),
('d', 342, 26, 'SD004', '-4', NULL),
('d', 343, 26, 'SD004', '>=', NULL),
('d', 344, 26, 'SD004', '-59', NULL),
('d', 345, 26, 'SD004', '-12, -11, 0, -7, 10', NULL),
('d', 346, 26, 'SD004', '-4', NULL),
('d', 347, 26, 'SD004', '-8', NULL),
('d', 348, 26, 'SD004', '-5', NULL),
('d', 349, 26, 'SD004', '4', NULL),
('d', 350, 26, 'SD004', '60 m', NULL),
('d', 351, 26, 'SD004', '4', NULL),
('d', 352, 26, 'SD004', '-4', NULL),
('d', 353, 26, 'SD004', '>=', NULL),
('d', 354, 26, 'SD004', '-69', NULL),
('d', 355, 26, 'SD004', '-12, -11, 0, -7, 10', NULL),
('d', 356, 26, 'SD004', '-4', NULL),
('d', 357, 26, 'SD004', '-8', NULL),
('d', 358, 26, 'SD004', '-5', NULL),
('d', 359, 26, 'SD004', '5', NULL),
('d', 360, 26, 'SD004', '125 m', NULL),
('d', 361, 27, 'SD004', 'sepuluh dibagi 1', NULL),
('d', 362, 27, 'SD004', '5/3', NULL),
('d', 363, 27, 'SD004', '1/3', NULL),
('d', 364, 27, 'SD004', '7/18, 9/18, 10/18, 12/18, 15/18, 18/18', NULL),
('d', 365, 27, 'SD004', '5/12', NULL),
('d', 366, 27, 'SD004', '25/3', NULL),
('d', 367, 27, 'SD004', '62/23', NULL),
('d', 368, 27, 'SD004', '13/12', NULL),
('d', 369, 27, 'SD004', '24/4', NULL),
('d', 370, 27, 'SD004', 'Rp 1.250,00', NULL),
('d', 371, 27, 'SD004', 'sepuluh dibagi 2', NULL),
('d', 372, 27, 'SD004', '5/3', NULL),
('d', 373, 27, 'SD004', '1/3', NULL),
('d', 374, 27, 'SD004', '18/18, 15/18, 12/18, 10/18, 9/18, 7/18', NULL),
('d', 375, 27, 'SD004', '5/12', NULL),
('d', 376, 27, 'SD004', '25/3', NULL),
('d', 377, 27, 'SD004', '65/23', NULL),
('d', 378, 27, 'SD004', '13/12', NULL),
('d', 379, 27, 'SD004', '24/4', NULL),
('d', 380, 27, 'SD004', 'Rp 1.750,00', NULL),
('d', 381, 28, 'SD004', '14', NULL),
('d', 382, 28, 'SD004', 'XXVI', NULL),
('d', 383, 28, 'SD004', '10', NULL),
('d', 384, 28, 'SD004', '48', NULL),
('d', 385, 28, 'SD004', '4 = 1 + 1 + 1 + 1 = IIII', NULL),
('d', 386, 28, 'SD004', '68 = XLVIII', NULL),
('d', 387, 28, 'SD004', 'XI', NULL),
('d', 388, 28, 'SD004', 'XXXVI, XXVII, XLIII', NULL),
('d', 389, 28, 'SD004', 'XLIX', NULL),
('d', 390, 28, 'SD004', '54', NULL),
('d', 391, 28, 'SD004', '15', NULL),
('d', 392, 28, 'SD004', 'XVI', NULL),
('d', 393, 28, 'SD004', '9', NULL),
('d', 394, 28, 'SD004', '47', NULL),
('d', 395, 28, 'SD004', '4 = 1 + 1 + 1 + 1 = IIII', NULL),
('d', 396, 28, 'SD004', '68 = XLVIII', NULL),
('d', 397, 28, 'SD004', 'X', NULL),
('d', 398, 28, 'SD004', 'XXVI, XXVII, XLIII', NULL),
('d', 399, 28, 'SD004', 'XLIX', NULL),
('d', 400, 28, 'SD004', '54', NULL),
('d', 401, 29, 'SD004', 'cermin', NULL),
('d', 402, 29, 'SD004', '2', NULL),
('d', 403, 29, 'SD004', '2', NULL),
('d', 404, 29, 'SD004', 'jajargenjang', NULL),
('d', 405, 29, 'SD004', '14', NULL),
('d', 406, 29, 'SD004', '14', NULL),
('d', 407, 29, 'SD004', 'jarak bayangan', NULL),
('d', 408, 29, 'SD004', '8', NULL),
('d', 409, 29, 'SD004', '12', NULL),
('d', 410, 29, 'SD004', 'cermin', NULL),
('d', 411, 24, 'SD004', '(42 + 20) + 50', NULL),
('d', 412, 24, 'SD004', '9.405', NULL),
('d', 413, 24, 'SD004', 'delapan puluh delapan ribu enam ratus satu', NULL),
('d', 414, 24, 'SD004', '87.200', NULL),
('d', 415, 24, 'SD004', '125', NULL),
('d', 416, 25, 'SD004', '36', NULL),
('d', 417, 25, 'SD004', '300', NULL),
('d', 418, 25, 'SD004', '51', NULL),
('d', 419, 25, 'SD004', '20', NULL),
('d', 420, 25, 'SD004', '6', NULL),
('d', 421, 26, 'SD004', '4', NULL),
('d', 422, 26, 'SD004', '-4', NULL),
('d', 423, 26, 'SD004', '>=', NULL),
('d', 424, 26, 'SD004', '-69', NULL),
('d', 425, 26, 'SD004', '-12, -11, 0, -7, 10', NULL),
('d', 426, 27, 'SD004', '25/3', NULL),
('d', 427, 27, 'SD004', '65/23', NULL),
('d', 428, 27, 'SD004', '13/12', NULL),
('d', 429, 27, 'SD004', '24/4', NULL),
('d', 430, 27, 'SD004', 'Rp 1.750,00', NULL),
('d', 431, 28, 'SD004', '14', NULL),
('d', 432, 28, 'SD004', 'XXVI', NULL),
('d', 433, 28, 'SD004', '10', NULL),
('d', 434, 28, 'SD004', '48', NULL),
('d', 435, 28, 'SD004', '4 = 1 + 1 + 1 + 1 = IIII', NULL),
('d', 436, 29, 'SD004', '14', NULL),
('d', 437, 29, 'SD004', 'jarak bayangan', NULL),
('d', 438, 29, 'SD004', '8', NULL),
('d', 439, 29, 'SD004', '12', NULL),
('d', 440, 29, 'SD004', 'cermin', NULL),
('d', 501, 30, 'SD005', '348.165', NULL),
('d', 502, 30, 'SD005', '182.321', NULL),
('d', 503, 30, 'SD005', '45', NULL),
('d', 504, 30, 'SD005', '288', NULL),
('d', 505, 30, 'SD005', '1.500', NULL),
('d', 506, 30, 'SD005', '3.500', NULL),
('d', 507, 30, 'SD005', '44.000', NULL),
('d', 508, 30, 'SD005', '11.00', NULL),
('d', 509, 30, 'SD005', '6 buah', NULL),
('d', 510, 30, 'SD005', '51, 64, 79, san 92', NULL),
('d', 511, 30, 'SD005', '348.165', NULL),
('d', 512, 30, 'SD005', '182.321', NULL),
('d', 513, 30, 'SD005', '45', NULL),
('d', 514, 30, 'SD005', '288', NULL),
('d', 515, 30, 'SD005', '1.500', NULL),
('d', 516, 30, 'SD005', '3.500', NULL),
('d', 517, 30, 'SD005', '44.000', NULL),
('d', 518, 30, 'SD005', '12.00', NULL),
('d', 519, 30, 'SD005', '6 buah', NULL),
('d', 520, 30, 'SD005', '51, 64, 79, san 92', NULL),
('d', 521, 31, 'SD005', '12', NULL),
('d', 522, 31, 'SD005', '12.30', NULL),
('d', 523, 31, 'SD005', '180', NULL),
('d', 524, 31, 'SD005', '70 km/jam', NULL),
('d', 525, 31, 'SD005', '90', NULL),
('d', 526, 31, 'SD005', '1.45', NULL),
('d', 527, 31, 'SD005', '5 jam', NULL),
('d', 528, 31, 'SD005', '504 jam', NULL),
('d', 529, 31, 'SD005', '3', NULL),
('d', 530, 31, 'SD005', '1.260', NULL),
('d', 531, 31, 'SD005', '12', NULL),
('d', 532, 31, 'SD005', '12.30', NULL),
('d', 533, 31, 'SD005', '180', NULL),
('d', 534, 31, 'SD005', '60 km/jam', NULL),
('d', 535, 31, 'SD005', '90', NULL),
('d', 536, 31, 'SD005', '1.45', NULL),
('d', 537, 31, 'SD005', '5 jam', NULL),
('d', 538, 31, 'SD005', '672 jam', NULL),
('d', 539, 31, 'SD005', '3', NULL),
('d', 540, 31, 'SD005', '1.260', NULL),
('d', 541, 32, 'SD005', '60 cm', NULL),
('d', 542, 32, 'SD005', '18 cm', NULL),
('d', 543, 32, 'SD005', '145 cm2', NULL),
('d', 544, 32, 'SD005', '196 cm2', NULL),
('d', 545, 32, 'SD005', '100 dm2', NULL),
('d', 546, 32, 'SD005', '178 m2', NULL),
('d', 547, 32, 'SD005', '340 cm2', NULL),
('d', 548, 32, 'SD005', '16 cm', NULL),
('d', 549, 32, 'SD005', '45 cm2', NULL),
('d', 550, 32, 'SD005', '170 cm2', NULL),
('d', 551, 32, 'SD005', '90 cm', NULL),
('d', 552, 32, 'SD005', '20 cm', NULL),
('d', 553, 32, 'SD005', '145 cm2', NULL),
('d', 554, 32, 'SD005', '225 cm2', NULL),
('d', 555, 32, 'SD005', '100 dm2', NULL),
('d', 556, 32, 'SD005', '178 m2', NULL),
('d', 557, 32, 'SD005', '340 cm2', NULL),
('d', 558, 32, 'SD005', '10 cm', NULL),
('d', 559, 32, 'SD005', '100 cm2', NULL),
('d', 560, 32, 'SD005', '160 cm2', NULL),
('d', 561, 33, 'SD005', '6.561 cm3', NULL),
('d', 562, 33, 'SD005', '60 cm3', NULL),
('d', 563, 33, 'SD005', '280 cm3', NULL),
('d', 564, 33, 'SD005', '343 dm3', NULL),
('d', 565, 33, 'SD005', '516 cm3', NULL),
('d', 566, 33, 'SD005', '3.600 cm3', NULL),
('d', 567, 33, 'SD005', '380 dm3', NULL),
('d', 568, 33, 'SD005', '17 dm', NULL),
('d', 569, 33, 'SD005', '80.525 cm3', NULL),
('d', 570, 33, 'SD005', '4.744 cm3', NULL),
('d', 571, 33, 'SD005', '6.561 cm3', NULL),
('d', 572, 33, 'SD005', '60 cm3', NULL),
('d', 573, 33, 'SD005', '280 cm3', NULL),
('d', 574, 33, 'SD005', '125 dm3', NULL),
('d', 575, 33, 'SD005', '516 cm3', NULL),
('d', 576, 33, 'SD005', '3.125 cm3', NULL),
('d', 577, 33, 'SD005', '380 dm3', NULL),
('d', 578, 33, 'SD005', '17 dm', NULL),
('d', 579, 33, 'SD005', '70.500 cm3', NULL),
('d', 580, 33, 'SD005', '4.275 cm3', NULL),
('d', 581, 34, 'SD005', '15%', NULL),
('d', 582, 34, 'SD005', '>=', NULL),
('d', 583, 34, 'SD005', '11/50', NULL),
('d', 584, 34, 'SD005', '143/20', NULL),
('d', 585, 34, 'SD005', '2/6', NULL),
('d', 586, 34, 'SD005', '>>', NULL),
('d', 587, 34, 'SD005', '8/12', NULL),
('d', 588, 34, 'SD005', '35/12', NULL),
('d', 589, 34, 'SD005', '9:5', NULL),
('d', 590, 34, 'SD005', '60 km', NULL),
('d', 591, 34, 'SD005', '15%', NULL),
('d', 592, 34, 'SD005', '>=', NULL),
('d', 593, 34, 'SD005', '11/50', NULL),
('d', 594, 34, 'SD005', '143/20', NULL),
('d', 595, 34, 'SD005', '2/6', NULL),
('d', 596, 34, 'SD005', '>>', NULL),
('d', 597, 34, 'SD005', '8/9', NULL),
('d', 598, 34, 'SD005', '17/12', NULL),
('d', 599, 34, 'SD005', '9:5', NULL),
('d', 600, 34, 'SD005', '60 km', NULL),
('d', 601, 30, 'SD005', '348.165', NULL),
('d', 602, 30, 'SD005', '182.321', NULL),
('d', 603, 30, 'SD005', '45', NULL),
('d', 604, 30, 'SD005', '288', NULL),
('d', 605, 30, 'SD005', '1.500', NULL),
('d', 606, 31, 'SD005', '1.45', NULL),
('d', 607, 31, 'SD005', '5 jam', NULL),
('d', 608, 31, 'SD005', '504 jam', NULL),
('d', 609, 31, 'SD005', '3', NULL),
('d', 610, 31, 'SD005', '1.260', NULL),
('d', 611, 32, 'SD005', '90 cm', NULL),
('d', 612, 32, 'SD005', '20 cm', NULL),
('d', 613, 32, 'SD005', '145 cm2', NULL),
('d', 614, 32, 'SD005', '225 cm2', NULL),
('d', 615, 32, 'SD005', '100 dm2', NULL),
('d', 616, 33, 'SD005', '3.125 cm3', NULL),
('d', 617, 33, 'SD005', '380 dm3', NULL),
('d', 618, 33, 'SD005', '17 dm', NULL),
('d', 619, 33, 'SD005', '70.500 cm3', NULL),
('d', 620, 33, 'SD005', '4.275 cm3', NULL),
('d', 621, 34, 'SD005', '15%', NULL),
('d', 622, 34, 'SD005', '>=', NULL),
('d', 623, 34, 'SD005', '11/50', NULL),
('d', 624, 34, 'SD005', '143/20', NULL),
('d', 625, 34, 'SD005', '2/6', NULL),
('d', 790, 4, 'SD001', 'asda', NULL);

-- --------------------------------------------------------

--
-- Table structure for table `rapor`
--

CREATE TABLE IF NOT EXISTS `rapor` (
  `idRapor` int(10) NOT NULL AUTO_INCREMENT,
  `username` varchar(50) DEFAULT NULL,
  PRIMARY KEY (`idRapor`),
  KEY `username` (`username`)
) ENGINE=InnoDB  DEFAULT CHARSET=latin1 AUTO_INCREMENT=24 ;

--
-- Dumping data for table `rapor`
--

INSERT INTO `rapor` (`idRapor`, `username`) VALUES
(4, 'admin'),
(6, 'alivia.khaira'),
(20, 'anna'),
(18, 'Apela'),
(21, 'ariel'),
(14, 'Beast'),
(19, 'beautyandthebeast'),
(23, 'cinderella'),
(1, 'dika.galih'),
(13, 'Eric'),
(8, 'hadaiq'),
(9, 'hadaiq2'),
(12, 'Hicupp'),
(2, 'hiro_hamada'),
(7, 'indah'),
(22, 'JohnSmith'),
(15, 'kristoff'),
(16, 'Mawar'),
(5, 'princess_anna'),
(10, 'QElsa'),
(17, 'Salju'),
(3, 'suci.fadhilah'),
(11, 'Violet');

-- --------------------------------------------------------

--
-- Table structure for table `sertifikat`
--

CREATE TABLE IF NOT EXISTS `sertifikat` (
  `username` varchar(50) NOT NULL,
  `idKelas` varchar(6) NOT NULL,
  PRIMARY KEY (`username`,`idKelas`),
  KEY `idKelas` (`idKelas`)
) ENGINE=InnoDB DEFAULT CHARSET=latin1;

--
-- Dumping data for table `sertifikat`
--

INSERT INTO `sertifikat` (`username`, `idKelas`) VALUES
('admin', 'SD001'),
('admin', 'SD002'),
('admin', 'SD003');

-- --------------------------------------------------------

--
-- Table structure for table `soal`
--

CREATE TABLE IF NOT EXISTS `soal` (
  `idSoal` int(10) NOT NULL AUTO_INCREMENT,
  `idMateri` int(10) NOT NULL,
  `idKelas` varchar(6) NOT NULL,
  `isTes` enum('latihan','tes') NOT NULL,
  `jawaban` char(1) NOT NULL,
  `gambarSoal` varchar(2048) DEFAULT NULL,
  `pertanyaan` text NOT NULL,
  `pembahasan` text NOT NULL,
  `gambarSolusi` varchar(2048) DEFAULT NULL,
  `isDitunjukkan` enum('Ya','Tidak') NOT NULL,
  `jumlahBenar` int(5) NOT NULL,
  `jumlahSalah` int(5) NOT NULL,
  PRIMARY KEY (`idSoal`,`idMateri`,`idKelas`),
  KEY `idMateri` (`idMateri`),
  KEY `idKelas` (`idKelas`)
) ENGINE=InnoDB  DEFAULT CHARSET=latin1 AUTO_INCREMENT=791 ;

--
-- Dumping data for table `soal`
--

INSERT INTO `soal` (`idSoal`, `idMateri`, `idKelas`, `isTes`, `jawaban`, `gambarSoal`, `pertanyaan`, `pembahasan`, `gambarSolusi`, `isDitunjukkan`, `jumlahBenar`, `jumlahSalah`) VALUES
(1, 1, 'SD001', 'latihan', 'c', NULL, '1 = ', '1 dibaca "satu"', NULL, 'Ya', 0, 0),
(2, 1, 'SD001', 'latihan', 'd', NULL, '2 = ', '2 dibaca  "dua"', NULL, 'Ya', 0, 0),
(3, 1, 'SD001', 'latihan', 'a', NULL, '3 = ', '3 dibaca tiga', NULL, 'Ya', 0, 0),
(4, 1, 'SD001', 'latihan', 'b', NULL, '4=', '4 dibaca empat', NULL, 'Ya', 0, 0),
(5, 1, 'SD001', 'latihan', 'd', NULL, '5=', '5 dibaca lima', NULL, 'Ya', 0, 0),
(6, 1, 'SD001', 'latihan', 'b', NULL, '6 =', '6 dibaca enam', NULL, 'Ya', 0, 0),
(7, 1, 'SD001', 'latihan', 'c', NULL, '7=', '7 dibaca tujuh', NULL, 'Ya', 0, 0),
(8, 1, 'SD001', 'latihan', 'c', NULL, '8 =', '8 dibaca delapan', NULL, 'Ya', 0, 0),
(9, 1, 'SD001', 'latihan', 'a', NULL, '9 =', '9 dibaca sembilan', NULL, 'Ya', 0, 0),
(10, 1, 'SD001', 'latihan', 'd', NULL, '10 =', '4 dibaca sepuluh', NULL, 'Ya', 0, 0),
(11, 1, 'SD001', 'latihan', 'd', NULL, 'satu = ', 'satu = 1', NULL, 'Ya', 0, 0),
(12, 1, 'SD001', 'latihan', 'c', NULL, 'dua = ', 'dua = 2', NULL, 'Ya', 0, 0),
(13, 1, 'SD001', 'latihan', 'b', NULL, 'tiga = ', 'tiga = 3', NULL, 'Ya', 0, 0),
(14, 1, 'SD001', 'latihan', 'a', NULL, 'empat =', 'empat = 4', NULL, 'Ya', 0, 0),
(15, 1, 'SD001', 'latihan', 'a', NULL, 'lima =', 'lima = 5', NULL, 'Ya', 0, 0),
(16, 1, 'SD001', 'latihan', 'd', NULL, 'enam =', 'enam = 6', NULL, 'Ya', 0, 0),
(17, 1, 'SD001', 'latihan', 'c', NULL, 'tujuh =', 'tujuh = 7', NULL, 'Ya', 0, 0),
(18, 1, 'SD001', 'latihan', 'c', NULL, 'delapan =', 'delapan = 8', NULL, 'Ya', 0, 0),
(19, 1, 'SD001', 'latihan', 'b', NULL, 'sembilan =', 'sembilan = 9', NULL, 'Ya', 0, 0),
(20, 1, 'SD001', 'latihan', 'd', NULL, 'sepuluh =', 'sepuluh = 10', NULL, 'Ya', 0, 0),
(21, 2, 'SD001', 'latihan', 'a', NULL, '1 + 1 =', '1 + 1 = 2.', NULL, 'Ya', 0, 0),
(22, 2, 'SD001', 'latihan', 'a', NULL, '2 + 2 =', '2 + 2 = 4.', NULL, 'Ya', 0, 0),
(23, 2, 'SD001', 'latihan', 'a', NULL, '3 + 3 = ', '3 + 3 = 6', NULL, 'Ya', 0, 0),
(24, 2, 'SD001', 'latihan', 'a', NULL, '4 + 4 =', '4 + 4 = 8', NULL, 'Ya', 0, 0),
(25, 2, 'SD001', 'latihan', 'a', NULL, '5 + 5 =', '5 + 5 = 10', NULL, 'Ya', 0, 0),
(26, 2, 'SD001', 'latihan', 'b', NULL, '1 + 2 =', '1 + 2 = 3', NULL, 'Ya', 0, 0),
(27, 2, 'SD001', 'latihan', 'b', NULL, '1 + 3 =', '1 + 3 = 4', NULL, 'Ya', 0, 0),
(28, 2, 'SD001', 'latihan', 'b', NULL, '1 + 4 =', '1 + 4 = 5', NULL, 'Ya', 0, 0),
(29, 2, 'SD001', 'latihan', 'b', NULL, '1 + 5 =', '1 + 5 = 6', NULL, 'Ya', 0, 0),
(30, 2, 'SD001', 'latihan', 'c', NULL, '1 + 6 =', '1 + 6 = 7', NULL, 'Ya', 0, 0),
(31, 2, 'SD001', 'latihan', 'c', NULL, '1 + 7 =', '1 + 7 = 8', NULL, 'Ya', 0, 0),
(32, 2, 'SD001', 'latihan', 'c', NULL, '1 + 8 =', '1 + 8 = 9', NULL, 'Ya', 0, 0),
(33, 2, 'SD001', 'latihan', 'c', NULL, '1 + 9 =', '1 + 9 = 10', NULL, 'Ya', 0, 0),
(34, 2, 'SD001', 'latihan', 'c', NULL, '2 + 8', '2 + 8 = 10', NULL, 'Ya', 0, 0),
(35, 2, 'SD001', 'latihan', 'd', NULL, '2 + 4 =', '2 + 4 = 6', NULL, 'Ya', 0, 0),
(36, 2, 'SD001', 'latihan', 'd', NULL, '2 + 5 = ', '2 + 5 = 7', NULL, 'Ya', 0, 0),
(37, 2, 'SD001', 'latihan', 'd', NULL, '5 + 3 =', '5 + 3 = 8', NULL, 'Ya', 0, 0),
(38, 2, 'SD001', 'latihan', 'd', NULL, '5 + 4 =', '5 + 4 = 9', NULL, 'Ya', 0, 0),
(39, 2, 'SD001', 'latihan', 'd', NULL, '4 + 3 =', '4 + 3 = 7', NULL, 'Ya', 0, 0),
(40, 2, 'SD001', 'tes', 'a', NULL, '6 + 4 =', '6 + 4 = 10', NULL, 'Ya', 6, 1),
(41, 2, 'SD001', 'tes', 'b', NULL, '3 + 5 =', '3 + 5 = 8', NULL, 'Ya', 1, 1),
(42, 1, 'SD001', 'tes', 'c', NULL, '10 dibaca ', '10 dibaca sepuluh', NULL, 'Tidak', 1, 0),
(43, 1, 'SD001', 'tes', 'd', NULL, '5 dibaca', '5 dibaca lima', NULL, 'Tidak', 1, 0),
(44, 3, 'SD001', 'tes', 'a', NULL, '8 - 4 =', '8 - 4 = 4', NULL, 'Tidak', 0, 0),
(45, 3, 'SD001', 'tes', 'b', NULL, '7 - 4 =', '7 - 4 = 3', NULL, 'Tidak', 0, 0),
(47, 6, 'SD001', '', 'c', 'pp21.jpg', 'Bentuk apa ini?', 'Ini adalah persegi panjang', NULL, 'Ya', 0, 0),
(48, 1, 'SD001', '', 'a', NULL, 'sadasd', 'sadasd', NULL, 'Ya', 0, 0),
(49, 4, 'SD001', '', 'a', NULL, 'adsasdsa', 'asdasdas', NULL, 'Ya', 0, 0),
(50, 8, 'SD002', '', 'a', NULL, 'sadasdsa', 'asdasdas', NULL, 'Ya', 0, 0),
(54, 8, 'SD002', 'latihan', 'a', NULL, 'xzssfdfs', 'safsafsd', NULL, 'Ya', 0, 0),
(55, 1, 'SD001', 'latihan', 'a', NULL, 'asdasd', 'asdasd', NULL, 'Ya', 0, 0),
(56, 4, 'SD001', 'latihan', 'a', NULL, 'sda', 'asda', NULL, 'Ya', 0, 0),
(57, 4, 'SD001', 'latihan', 'a', NULL, 'Sekarang jam?', 'Jam 1', NULL, 'Ya', 0, 0),
(201, 20, 'SD003', 'latihan', 'a', NULL, 'Diantara bilangan 325 dan 328 terdapat bilangan ...', '326 dan 327', NULL, 'Ya', 0, 0),
(202, 20, 'SD003', 'latihan', 'b', NULL, '436, 439, 442, ..., 448. Bilangan yang tepat untuk mengisi titik-titik adalah ...', '445', NULL, 'Ya', 0, 0),
(203, 20, 'SD003', 'latihan', 'c', NULL, '545 + 337 = ...', '882', NULL, 'Ya', 0, 0),
(204, 20, 'SD003', 'latihan', 'd', NULL, 'Jumlah kelereng Anton 369 butir. Jumlah kelereng Toni 216 butir. Jumlah kelereng mereka adalah ...', '369 + 216 = 585', NULL, 'Ya', 0, 0),
(205, 20, 'SD003', 'latihan', 'a', NULL, '747 - 329 = ...', '418', NULL, 'Ya', 0, 0),
(206, 20, 'SD003', 'latihan', 'b', NULL, '68 X 8 = ...', '544', NULL, 'Ya', 0, 0),
(207, 20, 'SD003', 'latihan', 'c', NULL, 'Hasil dari 836 : 4 = ...', '209', NULL, 'Ya', 0, 0),
(208, 20, 'SD003', 'latihan', 'd', NULL, '555 bungkus kue dimasukkan ke dalam 37 kantong plastik dengan jumlah yang sama. Setiap kantong plastik berisi ... bungkus kue.', '555 : 37 = 15 bungkus kue', NULL, 'Ya', 0, 0),
(209, 20, 'SD003', 'latihan', 'a', NULL, '320 + 72 : 3 X 5 = ...', '320 + ((72 : 3) X 5) = 440', NULL, 'Ya', 0, 0),
(210, 20, 'SD003', 'latihan', 'b', NULL, '1 lembar uang lima ribuan senilai dengan ... keping uang lima ratusan.', '5000 : 500 = 10', NULL, 'Ya', 0, 0),
(211, 20, 'SD003', 'latihan', 'a', NULL, 'Diantara bilangan 425 dan 428 terdapat bilangan ...', '426 dan 427', NULL, 'Ya', 0, 0),
(212, 20, 'SD003', 'latihan', 'b', NULL, '336, 339, 342, ..., 348. Bilangan yang tepat untuk mengisi titik-titik adalah ...', '345', NULL, 'Ya', 0, 0),
(213, 20, 'SD003', 'latihan', 'c', NULL, '645 + 237 = ...', '882', NULL, 'Ya', 0, 0),
(214, 20, 'SD003', 'latihan', 'd', NULL, 'Jumlah kelereng Toni 269 butir. Jumlah kelereng Tono 316 butir. Jumlah kelereng mereka adalah ...', '269 + 316 = 585', NULL, 'Ya', 0, 0),
(215, 20, 'SD003', 'latihan', 'a', NULL, '847 - 429 = ...', '418', NULL, 'Ya', 0, 0),
(216, 20, 'SD003', 'latihan', 'b', NULL, '68 X 9 = ...', '612', NULL, 'Ya', 0, 0),
(217, 20, 'SD003', 'latihan', 'c', NULL, 'Hasil dari 436 : 4 = ...', '109', NULL, 'Ya', 0, 0),
(218, 20, 'SD003', 'latihan', 'd', NULL, '570 bungkus permen dimasukkan ke dalam 38 kantong plastik dengan jumlah yang sama. Setiap kantong plastik berisi ... bungkus permen.', '570 : 38 = 15 bungkus kue', NULL, 'Ya', 0, 0),
(219, 20, 'SD003', 'latihan', 'a', NULL, '420 + 72 : 3 X 5 = ...', '420 + ((72 : 3) X 5) = 540', NULL, 'Ya', 0, 0),
(220, 20, 'SD003', 'latihan', 'b', NULL, '1 lembar uang sepuluh ribu senilai dengan ... lembar uang seribu.', '10000 : 1000 = 10', NULL, 'Ya', 0, 0),
(221, 21, 'SD003', 'latihan', 'a', NULL, 'Alat untuk mengukur panjang adalah ...', 'penggaris', NULL, 'Ya', 0, 0),
(222, 21, 'SD003', 'latihan', 'b', NULL, 'Timbangan digunakan untuk mengukur ...', 'berat', NULL, 'Ya', 0, 0),
(223, 21, 'SD003', 'latihan', 'c', NULL, 'Stopwatch digunakan untuk mengukur ...', 'waktu', NULL, 'Ya', 0, 0),
(224, 21, 'SD003', 'latihan', 'd', NULL, '1 cm = ... mm', '1 cm = 10 mm', NULL, 'Ya', 0, 0),
(225, 21, 'SD003', 'latihan', 'a', NULL, '1 gr = ... dg', '1 gr = 10 dg', NULL, 'Ya', 0, 0),
(226, 21, 'SD003', 'latihan', 'b', NULL, '1 jam = ... menit', '1 jam = 60 menit', NULL, 'Ya', 0, 0),
(227, 21, 'SD003', 'latihan', 'c', NULL, '3 menit = ... detik', '3 menit = 180 detik', NULL, 'Ya', 0, 0),
(228, 21, 'SD003', 'latihan', 'd', NULL, '5 jam = ... menit', '5 jam = 300 menit', NULL, 'Ya', 0, 0),
(229, 21, 'SD003', 'latihan', 'a', NULL, '2 hari = ... jam', '2 hari = 48 jam', NULL, 'Ya', 0, 0),
(230, 21, 'SD003', 'latihan', 'b', NULL, '1 km = ... m', '1 km = 1.000 m', NULL, 'Ya', 0, 0),
(231, 21, 'SD003', 'latihan', 'a', NULL, 'Alat untuk mengukur berat adalah ...', 'timbangan', NULL, 'Ya', 0, 0),
(232, 21, 'SD003', 'latihan', 'b', NULL, 'Stopwatch digunakan untuk mengukur ...', 'waktu', NULL, 'Ya', 0, 0),
(233, 21, 'SD003', 'latihan', 'c', NULL, 'Timbangan digunakan untuk mengukur ...', 'berat', NULL, 'Ya', 0, 0),
(234, 21, 'SD003', 'latihan', 'd', NULL, '10 cm = ... mm', '10 cm = 100 mm', NULL, 'Ya', 0, 0),
(235, 21, 'SD003', 'latihan', 'a', NULL, '10 gr = ... dg', '10 gr = 100 dg', NULL, 'Ya', 0, 0),
(236, 21, 'SD003', 'latihan', 'b', NULL, '10 jam = ... menit', '1 jam = 600 menit', NULL, 'Ya', 0, 0),
(237, 21, 'SD003', 'latihan', 'c', NULL, '2 menit = ... detik', '2 menit = 120 detik', NULL, 'Ya', 0, 0),
(238, 21, 'SD003', 'latihan', 'd', NULL, '3 jam = ... menit', '3 jam = 180 menit', NULL, 'Ya', 0, 0),
(239, 21, 'SD003', 'latihan', 'a', NULL, '4 hari = ... jam', '4 hari = 96 jam', NULL, 'Ya', 0, 0),
(240, 21, 'SD003', 'latihan', 'b', NULL, '10 km = ... m', '10 km = 10.000 m', NULL, 'Ya', 0, 0),
(241, 22, 'SD003', 'latihan', 'a', NULL, 'Pecahan 2/3 dibaca ...', '2/3 dibaca "dua pertiga"', NULL, 'Ya', 0, 0),
(242, 22, 'SD003', 'latihan', 'b', NULL, '1/2 ... 2/3. Tanda yang tepat untuk mengisi titik-titik di samping adalah ...', '<', NULL, 'Ya', 0, 0),
(243, 22, 'SD003', 'latihan', 'c', NULL, '1/4 ... 1/4. Tanda yang tepat untuk mengisi titik-titik di samping adalah ...', '=', NULL, 'Ya', 0, 0),
(244, 22, 'SD003', 'latihan', 'd', NULL, 'Urutan pecahan dari yang paling kecil adalah ...', '1/5, 1/4, 1/3, 1/2', NULL, 'Ya', 0, 0),
(245, 22, 'SD003', 'latihan', 'a', NULL, 'Bilangan 1 jika dikurangi dengan 2/5 hasilnya adalah ...', '1 - 2/5 = 3/5', NULL, 'Ya', 0, 0),
(246, 22, 'SD003', 'latihan', 'b', NULL, 'Pecahan 1/7 dibaca ...', '1/7 dibaca "satu pertujuh"', NULL, 'Ya', 0, 0),
(247, 22, 'SD003', 'latihan', 'c', NULL, 'Lambang bilangan dua pertiga adalah ...', '2/3', NULL, 'Ya', 0, 0),
(248, 22, 'SD003', 'latihan', 'd', NULL, '2/7 ... 3/7. Tanda yang tepat untuk mengisi titik-titik di samping adalah ...', '<', NULL, 'Ya', 0, 0),
(249, 22, 'SD003', 'latihan', 'a', NULL, 'Tika membeli tepung terigu 1 kilogram. Tepung tersebut telah digunakan 3/4 kilogram untuk membuat kue. Sisa tepung terigu adalah ... kilogram.', '1 - 3/4 = 1/4 kilogram', NULL, 'Ya', 0, 0),
(250, 22, 'SD003', 'latihan', 'b', NULL, '2/5 - 1/5 = ...', '2/5 - 1/5 = 1/5', NULL, 'Ya', 0, 0),
(251, 22, 'SD003', 'latihan', 'a', NULL, 'Pecahan 1/3 dibaca ...', '1/3 dibaca "satu pertiga"', NULL, 'Ya', 0, 0),
(252, 22, 'SD003', 'latihan', 'b', NULL, '2/2 ... 3/3. Tanda yang tepat untuk mengisi titik-titik di samping adalah ...', '<', NULL, 'Ya', 0, 0),
(253, 22, 'SD003', 'latihan', 'c', NULL, '2/4 ... 2/4. Tanda yang tepat untuk mengisi titik-titik di samping adalah ...', '=', NULL, 'Ya', 0, 0),
(254, 22, 'SD003', 'latihan', 'd', NULL, 'Urutan pecahan dari yang paling kecil adalah ...', '1/8, 1/7, 1/6, 1/5', NULL, 'Ya', 0, 0),
(255, 22, 'SD003', 'latihan', 'a', NULL, 'Bilangan 1 jika dikurangi dengan 3/5 hasilnya adalah ...', '1 - 3/5 = 2/5', NULL, 'Ya', 0, 0),
(256, 22, 'SD003', 'latihan', 'b', NULL, 'Pecahan 2/7 dibaca ...', '2/7 dibaca "dua pertujuh"', NULL, 'Ya', 0, 0),
(257, 22, 'SD003', 'latihan', 'c', NULL, 'Lambang bilangan satu pertiga adalah ...', '1/3', NULL, 'Ya', 0, 0),
(258, 22, 'SD003', 'latihan', 'd', NULL, '3/7 ... 4/7. Tanda yang tepat untuk mengisi titik-titik di samping adalah ...', '<', NULL, 'Ya', 0, 0),
(259, 22, 'SD003', 'latihan', 'a', NULL, 'Tina membeli tepung terigu 1 kilogram. Tepung tersebut telah digunakan 1/4 kilogram untuk membuat kue. Sisa tepung terigu adalah ... kilogram.', '1 - 1/4 = 3/4 kilogram', NULL, 'Ya', 0, 0),
(260, 22, 'SD003', 'latihan', 'b', NULL, '3/5 - 2/5 = ...', '3/5 - 2/5 = 1/5', NULL, 'Ya', 0, 0),
(261, 23, 'SD003', 'latihan', 'a', NULL, 'Barang-barang yang memiliki sudut siku-siku adalah ...', 'buku', NULL, 'Ya', 0, 0),
(262, 23, 'SD003', 'latihan', 'b', NULL, 'Bangun persegi mempunyai sisi yang sama sebanyak ...', '4 sisi', NULL, 'Ya', 0, 0),
(263, 23, 'SD003', 'latihan', 'c', NULL, 'Bangun persegi panjang mempunyai sisi yang sama sebanyak ...', '2 sisi', NULL, 'Ya', 0, 0),
(264, 23, 'SD003', 'latihan', 'd', NULL, 'Segi empat yang mempunyai dua pasang sisi dan sudut siku-siku adalah ...', 'persegi panjang', NULL, 'Ya', 0, 0),
(265, 23, 'SD003', 'latihan', 'a', NULL, 'Segi empat yang mempunyai empat pasang sisi dan sudut siku-siku adalah ...', 'persegi', NULL, 'Ya', 0, 0),
(266, 23, 'SD003', 'latihan', 'b', NULL, 'Sebuah persegi panjang memiliki panjang 5 cm dan lebar 3 cm. Luas persegi panjang tersebut adalah ...', '5 cm X 3 cm = 15 cm2', NULL, 'Ya', 0, 0),
(267, 23, 'SD003', 'latihan', 'c', NULL, 'Suatu persegi memiliki panjang sisi 25 meter. Luas persegi tersebut adalah ...', '25 m X 25 m = 625 m2', NULL, 'Ya', 0, 0),
(268, 23, 'SD003', 'latihan', 'd', NULL, 'Persegi panjang yang lebarnya 6 satuan dan panjangnya 10 satuan memiliki keliling ...', '(2 x 6) + (2 X 10) = 32 satuan', NULL, 'Ya', 0, 0),
(269, 23, 'SD003', 'latihan', 'a', NULL, 'Ruang kelas panjangnya 7 meter dan lebarnya 6 meter. Luas ruang kelas adalah ...', '7 m X 6 m = 42 m2', NULL, 'Ya', 0, 0),
(270, 23, 'SD003', 'latihan', 'b', NULL, 'Sudut yang lebih kecil dari sudut siku-siku dinamakan sudut ...', 'lancip', NULL, 'Ya', 0, 0),
(271, 23, 'SD003', 'latihan', 'a', NULL, 'Barang-barang yang memiliki sudut siku-siku adalah ...', 'majalah', NULL, 'Ya', 0, 0),
(272, 23, 'SD003', 'latihan', 'b', NULL, 'Bangun persegi panjang mempunyai sisi yang sama sebanyak ...', '2 sisi', NULL, 'Ya', 0, 0),
(273, 23, 'SD003', 'latihan', 'c', NULL, 'Bangun persegi mempunyai sisi yang sama sebanyak ...', '4 sisi', NULL, 'Ya', 0, 0),
(274, 23, 'SD003', 'latihan', 'd', NULL, 'Segi empat yang mempunyai empat pasang sisi dan sudut siku-siku adalah ...', 'persegi', NULL, 'Ya', 0, 0),
(275, 23, 'SD003', 'latihan', 'a', NULL, 'Segi empat yang mempunyai dua pasang sisi dan sudut siku-siku adalah ...', 'persegi panjang', NULL, 'Ya', 0, 0),
(276, 23, 'SD003', 'latihan', 'b', NULL, 'Sebuah persegi panjang memiliki panjang 6 cm dan lebar 3 cm. Luas persegi panjang tersebut adalah ...', '5 cm X 3 cm = 18 cm2', NULL, 'Ya', 0, 0),
(277, 23, 'SD003', 'latihan', 'c', NULL, 'Suatu persegi memiliki panjang sisi 24 meter. Luas persegi tersebut adalah ...', '24 m X 24 m = 576 m2', NULL, 'Ya', 0, 0),
(278, 23, 'SD003', 'latihan', 'd', NULL, 'Persegi panjang yang lebarnya 7 satuan dan panjangnya 10 satuan memiliki keliling ...', '(2 x 7) + (2 X 10) = 34 satuan', NULL, 'Ya', 0, 0),
(279, 23, 'SD003', 'latihan', 'a', NULL, 'Ruang kelas panjangnya 8 meter dan lebarnya 5 meter. Luas ruang kelas adalah ...', '8 m X 5 m = 40 m2', NULL, 'Ya', 0, 0),
(280, 23, 'SD003', 'latihan', 'b', NULL, 'Sudut yang lebih besar dari sudut siku-siku dinamakan sudut ...', 'lancip', NULL, 'Ya', 0, 0),
(281, 20, 'SD003', 'tes', 'b', NULL, '78 X 8 = ...', '624', NULL, 'Ya', 0, 0),
(282, 20, 'SD003', 'tes', 'c', NULL, 'Hasil dari 1236 : 4 = ...', '309', NULL, 'Tidak', 0, 0),
(283, 20, 'SD003', 'tes', 'd', NULL, '585 bungkus kue dimasukkan ke dalam 39 kantong plastik dengan jumlah yang sama. Setiap kantong plastik berisi ... bungkus kue.', '585 : 39 = 15 bungkus kue', NULL, 'Tidak', 0, 0),
(284, 20, 'SD003', 'tes', 'a', NULL, '220 + 72 : 3 X 5 = ...', '320 + ((72 : 3) X 5) = 340', NULL, 'Ya', 0, 0),
(285, 20, 'SD003', 'tes', 'b', NULL, '2 lembar uang lima ribuan senilai dengan ... keping uang lima ratusan.', '(2 X 5000) : 500 = 20', NULL, 'Tidak', 0, 0),
(286, 21, 'SD003', 'tes', 'a', NULL, 'Alat untuk mengukur berat adalah ...', 'timbangan', NULL, 'Tidak', 0, 0),
(287, 21, 'SD003', 'tes', 'b', NULL, 'Stopwatch digunakan untuk mengukur ...', 'waktu', NULL, 'Tidak', 0, 0),
(288, 21, 'SD003', 'tes', 'c', NULL, 'Timbangan digunakan untuk mengukur ...', 'berat', NULL, 'Tidak', 0, 0),
(289, 21, 'SD003', 'tes', 'd', NULL, '100 cm = ... mm', '100 cm = 1.000 mm', NULL, 'Tidak', 0, 0),
(290, 21, 'SD003', 'tes', 'a', NULL, '100 dg = ... gr', '100 dg = 10 gr', NULL, 'Tidak', 0, 0),
(291, 22, 'SD003', 'tes', 'b', NULL, 'Pecahan 1/6 dibaca ...', '1/6 dibaca "satu perenam"', NULL, 'Tidak', 0, 0),
(292, 22, 'SD003', 'tes', 'c', NULL, 'Lambang bilangan dua perempat adalah ...', '2/4', NULL, 'Tidak', 0, 0),
(293, 22, 'SD003', 'tes', 'd', NULL, '2/9 ... 3/9. Tanda yang tepat untuk mengisi titik-titik di samping adalah ...', '<', NULL, 'Tidak', 0, 0),
(294, 22, 'SD003', 'tes', 'a', NULL, 'Rava membeli tepung terigu 1 kilogram. Tepung tersebut telah digunakan 3/4 kilogram untuk membuat kue. Sisa tepung terigu adalah ... kilogram.', '1 - 3/4 = 1/4 kilogram', NULL, 'Tidak', 0, 0),
(295, 22, 'SD003', 'tes', 'b', NULL, '3/5 - 2/5 = ...', '3/5 - 2/5 = 1/5', NULL, 'Tidak', 0, 0),
(296, 23, 'SD003', 'tes', 'b', NULL, 'Sebuah persegi panjang memiliki panjang 7 cm dan lebar 3 cm. Luas persegi panjang tersebut adalah ...', '7 cm X 3 cm = 21 cm2', NULL, 'Tidak', 0, 0),
(297, 23, 'SD003', 'tes', 'c', NULL, 'Suatu persegi memiliki panjang sisi 26 meter. Luas persegi tersebut adalah ...', '26 m X 26 m = 676 m2', NULL, 'Tidak', 0, 0),
(298, 23, 'SD003', 'tes', 'd', NULL, 'Persegi panjang yang lebarnya 8 satuan dan panjangnya 10 satuan memiliki keliling ...', '(2 x 8) + (2 X 10) = 36 satuan', NULL, 'Tidak', 0, 0),
(299, 23, 'SD003', 'tes', 'a', NULL, 'Ruang kelas panjangnya 9 meter dan lebarnya 6 meter. Luas ruang kelas adalah ...', '9 m X 6 m = 54 m2', NULL, 'Tidak', 0, 0),
(300, 23, 'SD003', 'tes', 'b', NULL, 'Sudut yang lebih kecil dari sudut siku-siku dinamakan sudut ...', 'lancip', NULL, 'Tidak', 0, 0),
(301, 24, 'SD004', 'latihan', 'a', NULL, 'Sifat komutatif dari 42 + 70 adalah ...', '70 + 42', NULL, 'Ya', 0, 0),
(302, 24, 'SD004', 'latihan', 'b', NULL, 'Lambang bilangan yang terbesar adalah ...', '9.540', NULL, 'Ya', 0, 0),
(303, 24, 'SD004', 'latihan', 'c', NULL, 'Nama bilangan yang terkecil adalah ...', 'delapan puluh delapan ribu lima ratus satu', NULL, 'Ya', 0, 0),
(304, 24, 'SD004', 'latihan', 'd', NULL, '88.200, 88.000, 87.800, 87.600, 87.400, P, Q. P adalah ...', '87.200', NULL, 'Ya', 0, 0),
(305, 24, 'SD004', 'latihan', 'a', NULL, '1.250 : 25 = ...', '1.250 : 25 = 50', NULL, 'Ya', 0, 0),
(306, 24, 'SD004', 'latihan', 'b', NULL, 'Q X 24 + 18 = 1.170<br>Nilai Q adalah ...', '(1.170 - 18) : 24 = 48', NULL, 'Ya', 0, 0),
(307, 24, 'SD004', 'latihan', 'c', NULL, '120.316 - 89.654 = ...<br>Taksiran hasil pengurangan tersebut adalah ...', '30.500', NULL, 'Ya', 0, 0),
(308, 24, 'SD004', 'latihan', 'd', NULL, '120.316 - 89.654 = ...<br>Taksiran hasil pengurangan tersebut adalah ...', '3.000.000', NULL, 'Ya', 0, 0),
(309, 24, 'SD004', 'latihan', 'a', NULL, '88.200, 88.000, 87.800, 87.600, 87.400, P, Q. Q adalah ...', '87.000', NULL, 'Ya', 0, 0),
(310, 24, 'SD004', 'latihan', 'b', NULL, '2.500 : 25 = ...', '2.500 : 25 = 100', NULL, 'Ya', 0, 0),
(311, 24, 'SD004', 'latihan', 'a', NULL, 'Sifat komutatif dari 32 + 80 adalah ...', '80 + 32', NULL, 'Ya', 0, 0),
(312, 24, 'SD004', 'latihan', 'b', NULL, 'Lambang bilangan yang terkecil adalah ...', '9.405', NULL, 'Ya', 0, 0),
(313, 24, 'SD004', 'latihan', 'c', NULL, 'Nama bilangan yang terbesar adalah ...', 'delapan puluh sembilan ribu enam ratus satu', NULL, 'Ya', 0, 0),
(314, 24, 'SD004', 'latihan', 'd', NULL, '98.200, 98.000, 97.800, 97.600, 97.400, P, Q. P adalah ...', '97.200', NULL, 'Ya', 0, 0),
(315, 24, 'SD004', 'latihan', 'a', NULL, '1.250 : 50 = ...', '1.250 : 50 = 25', NULL, 'Ya', 0, 0),
(316, 24, 'SD004', 'latihan', 'b', NULL, 'Q X 24 + 18 = 1.146<br>Nilai Q adalah ...', '(1.146 - 18) : 24 = 47', NULL, 'Ya', 0, 0),
(317, 24, 'SD004', 'latihan', 'c', NULL, '120.316 - 99.654 = ...<br>Taksiran hasil pengurangan tersebut adalah ...', '20.500', NULL, 'Ya', 0, 0),
(318, 24, 'SD004', 'latihan', 'd', NULL, '3.894 X 1.316 = ...<br>Taksiran hasil pengurangan tersebut adalah ...', '4.000.000', NULL, 'Ya', 0, 0),
(319, 24, 'SD004', 'latihan', 'a', NULL, '98.200, 98.000, 97.800, 97.600, 97.400, P, Q. Q adalah ...', '97.000', NULL, 'Ya', 0, 0),
(320, 24, 'SD004', 'latihan', 'b', NULL, '2.500 : 50 = ...', '2.500 : 50 = 50', NULL, 'Ya', 0, 0),
(321, 25, 'SD004', 'latihan', 'a', NULL, 'Bilangan yang termasuk kelipatan 54 adalah ...', '108', NULL, 'Ya', 0, 0),
(322, 25, 'SD004', 'latihan', 'b', NULL, 'Kelipatan 65 antara 60 sampai 200 adalah ...', '65, 130, 185', NULL, 'Ya', 0, 0),
(323, 25, 'SD004', 'latihan', 'c', NULL, 'Kelipatan persekutuan dari 12, 18, dan 24 adalah ...', '72', NULL, 'Ya', 0, 0),
(324, 25, 'SD004', 'latihan', 'd', NULL, 'Faktor dari 108 yang lebih dari 28 adalah ...', '36, 54, 108', NULL, 'Ya', 0, 0),
(325, 25, 'SD004', 'latihan', 'a', NULL, 'Faktor persekutuan dari 24 dan 36 adalah ...', '72', NULL, 'Ya', 0, 0),
(326, 25, 'SD004', 'latihan', 'b', NULL, 'FPB dari 84 dan 108 adalah ...', '12', NULL, 'Ya', 0, 0),
(327, 25, 'SD004', 'latihan', 'c', NULL, 'KPK dari 15 dan 20 adalah ...', '60', NULL, 'Ya', 0, 0),
(328, 25, 'SD004', 'latihan', 'd', NULL, 'Bilangan yang termasuk bilangan prima adalah ...', '51', NULL, 'Ya', 0, 0),
(329, 25, 'SD004', 'latihan', 'a', NULL, 'Paman membeli 15 buah apel dan 20 buah manggis. Buah-buahan tersebut akan disajikan untuk tamu dalam piring yang smaa banyak. Jumlah piring terbanyak untuk menyajikan buah-buahan adalah ...', '5', NULL, 'Ya', 0, 0),
(330, 25, 'SD004', 'latihan', 'b', NULL, 'Tika kurusu bahasa Inggris 4 hari sekali. Rava kursus bahasa Inggris tiap 3 hari sekali. Mereka akan kursus bersama setelah ... hari.', '12', NULL, 'Ya', 0, 0),
(331, 25, 'SD004', 'latihan', 'a', NULL, 'Bilangan yang termasuk kelipatan 27 adalah ...', '108', NULL, 'Ya', 0, 0),
(332, 25, 'SD004', 'latihan', 'b', NULL, 'Kelipatan 75 antara 60 sampai 200 adalah ...', '75, 150', NULL, 'Ya', 0, 0),
(333, 25, 'SD004', 'latihan', 'c', NULL, 'Kelipatan persekutuan dari 18, 24, dan 36 adalah ...', '72', NULL, 'Ya', 0, 0),
(334, 25, 'SD004', 'latihan', 'd', NULL, 'Faktor dari 108 yang lebih dari 32 adalah ...', '36, 54, 108', NULL, 'Ya', 0, 0),
(335, 25, 'SD004', 'latihan', 'a', NULL, 'Faktor persekutuan dari 18 dan 36 adalah ...', '72', NULL, 'Ya', 0, 0),
(336, 25, 'SD004', 'latihan', 'b', NULL, 'FPB dari 84 dan 108 adalah ...', '12', NULL, 'Ya', 0, 0),
(337, 25, 'SD004', 'latihan', 'c', NULL, 'KPK dari 30 dan 20 adalah ...', '60', NULL, 'Ya', 0, 0),
(338, 25, 'SD004', 'latihan', 'd', NULL, 'Bilangan yang termasuk bilangan prima adalah ...', '71', NULL, 'Ya', 0, 0),
(339, 25, 'SD004', 'latihan', 'a', NULL, 'Paman membeli 25 buah apel dan 20 buah manggis. Buah-buahan tersebut akan disajikan untuk tamu dalam piring yang smaa banyak. Jumlah piring terbanyak untuk menyajikan buah-buahan adalah ...', '5', NULL, 'Ya', 0, 0),
(340, 25, 'SD004', 'latihan', 'b', NULL, 'Tika kurusu bahasa Inggris 4 hari sekali. Rava kursus bahasa Inggris tiap 6 hari sekali. Mereka akan kursus bersama setelah ... hari.', '12', NULL, 'Ya', 0, 0),
(341, 26, 'SD004', 'latihan', 'a', NULL, '3 + (-7) = n, maka n = ...', '3 - 7 = -4', NULL, 'Ya', 0, 0),
(342, 26, 'SD004', 'latihan', 'b', NULL, '10 - (-6) = ...', '10 + 6 = 16', NULL, 'Ya', 0, 0),
(343, 26, 'SD004', 'latihan', 'c', NULL, '-16 ... -25<br>Lambang perbandingan yang tepat adalah ...', '>', NULL, 'Ya', 0, 0),
(344, 26, 'SD004', 'latihan', 'd', NULL, 'Negatif lima puluh sembilan ditulis ...', '-59', NULL, 'Ya', 0, 0),
(345, 26, 'SD004', 'latihan', 'a', NULL, '-11, -7, -12, 10, 0<br>Urutan yang benar dari bilangan terkecil adalah ...', '-12, -11, -7, 0, 10', NULL, 'Ya', 0, 0),
(346, 26, 'SD004', 'latihan', 'b', NULL, '-4 + 2 = ...', '-2', NULL, 'Ya', 0, 0),
(347, 26, 'SD004', 'latihan', 'c', NULL, '-7 -8 = ...', '-15', NULL, 'Ya', 0, 0),
(348, 26, 'SD004', 'latihan', 'd', NULL, '7 + (-12) = ...', '7 -12 = -5', NULL, 'Ya', 0, 0),
(349, 26, 'SD004', 'latihan', 'a', NULL, 'Suhu udara mula-mula -2 derajat celcius. Kemudian turun 2 derajat celcius. Suhu udara sekarang adalah ...', '-2 +(-2) = -4', NULL, 'Ya', 0, 0),
(350, 26, 'SD004', 'latihan', 'b', NULL, 'Andi sedang mendaki gunung. Ia berada pada ketinggian 185 m di atas permukaan laut. Kemudian ia naik lagi sejauh 125 m. Andi sekarang berada pada ketinggian ...', '185 + 125 = 310 m', NULL, 'Ya', 0, 0),
(351, 26, 'SD004', 'latihan', 'a', NULL, '4 + (-8) = n, maka n = ...', '4 - 8 = -4', NULL, 'Ya', 0, 0),
(352, 26, 'SD004', 'latihan', 'b', NULL, '12 - (-4) = ...', '10 + 6 = 16', NULL, 'Ya', 0, 0),
(353, 26, 'SD004', 'latihan', 'c', NULL, '-12 ... -24<br>Lambang perbandingan yang tepat adalah ...', '>', NULL, 'Ya', 0, 0),
(354, 26, 'SD004', 'latihan', 'd', NULL, 'Negatif enam puluh sembilan ditulis ...', '-69', NULL, 'Ya', 0, 0),
(355, 26, 'SD004', 'latihan', 'a', NULL, '-11, -7, -12, 10, 0<br>Urutan yang benar dari bilangan terbesar adalah ...', '10, 0, -7, -11, -12', NULL, 'Ya', 0, 0),
(356, 26, 'SD004', 'latihan', 'b', NULL, '-6 + 4 = ...', '-2', NULL, 'Ya', 0, 0),
(357, 26, 'SD004', 'latihan', 'c', NULL, '-9 +(-6) = ...', '-15', NULL, 'Ya', 0, 0),
(358, 26, 'SD004', 'latihan', 'd', NULL, '10 + (-15) = ...', '10 - 15 = -5', NULL, 'Ya', 0, 0),
(359, 26, 'SD004', 'latihan', 'a', NULL, 'Suhu udara mula-mula -3 derajat celcius. Kemudian turun 2 derajat celcius. Suhu udara sekarang adalah ...', '-3 +(-2) = -5', NULL, 'Ya', 0, 0),
(360, 26, 'SD004', 'latihan', 'b', NULL, 'Andi sedang mendaki gunung. Ia berada pada ketinggian 175 m di atas permukaan laut. Kemudian ia naik lagi sejauh 125 m. Andi sekarang berada pada ketinggian ...', '185 + 125 = 300 m', NULL, 'Ya', 0, 0),
(361, 27, 'SD004', 'latihan', 'a', NULL, '1/10 dibaca ...', 'sepersepeluh', NULL, 'Ya', 0, 0),
(362, 27, 'SD004', 'latihan', 'b', NULL, 'Empat perlima ditulis ...', '4/5', NULL, 'Ya', 0, 0),
(363, 27, 'SD004', 'latihan', 'c', NULL, 'Setengah ditulis ...', '1/2', NULL, 'Ya', 0, 0),
(364, 27, 'SD004', 'latihan', 'd', NULL, '10/18, 18/18, 12/18, 9/18, 15/18, 7/18<br>Urutan dari yang terkecil pecahan tersebut adalah ...', '7/18, 9/18, 10/18, 12/18, 15/18, 18/18', NULL, 'Ya', 0, 0),
(365, 27, 'SD004', 'latihan', 'a', NULL, 'Bentuk sederhana pecahan 35/60 adalah ...', '35/60 = 7/12', NULL, 'Ya', 0, 0),
(366, 27, 'SD004', 'latihan', 'b', NULL, 'Hasil penjumlahan 6/3 + 16/3 adalah ...', '6/3 + 16/3 = 22/3', NULL, 'Ya', 0, 0),
(367, 27, 'SD004', 'latihan', 'c', NULL, 'Hasil penjumlahan 2/7 + 8/3 adalah ...', '2/7 + 8/3 = 6/21 + 56/21 = 62/21', NULL, 'Ya', 0, 0),
(368, 27, 'SD004', 'latihan', 'd', NULL, '5/6 + 3/4 - 1/2 = ...', '10/12 + 9/12 - 6/12 = 13/12', NULL, 'Ya', 0, 0),
(369, 27, 'SD004', 'latihan', 'a', NULL, 'Bibi ke pasar membeli 9/4 kg buah jeruk. Kemudian membeli 3/2 kg kelengkeng. Juga membeli 7/4 kg buah mangga. Berat buah Bibi seluruhnya adalah ...', '9/4 + 3/2 + 7/4 = 22/4 kg', NULL, 'Ya', 0, 0),
(370, 27, 'SD004', 'latihan', 'b', NULL, 'Budi mempunyai uang Rp 5.000,00. Kemudian 1/4 dari uangnya untuk membeli pensil. Sisa uang Budi adalah ...', '3/4 X 5.000 = Rp 3.750,00', NULL, 'Ya', 0, 0),
(371, 27, 'SD004', 'latihan', 'a', NULL, '2/10 dibaca ...', 'dua persepeluh', NULL, 'Ya', 0, 0),
(372, 27, 'SD004', 'latihan', 'b', NULL, 'tiga perlima ditulis ...', '3/5', NULL, 'Ya', 0, 0),
(373, 27, 'SD004', 'latihan', 'c', NULL, 'Setengah ditulis ...', '1/2', NULL, 'Ya', 0, 0),
(374, 27, 'SD004', 'latihan', 'd', NULL, '10/18, 18/18, 12/18, 9/18, 15/18, 7/18<br>Urutan dari yang terbesar pecahan tersebut adalah ...', '18/18, 15/18, 12/18, 10/18, 9/18, 7/18', NULL, 'Ya', 0, 0),
(375, 27, 'SD004', 'latihan', 'a', NULL, 'Bentuk sederhana pecahan 28/48 adalah ...', '28/48 = 7/12', NULL, 'Ya', 0, 0),
(376, 27, 'SD004', 'latihan', 'b', NULL, 'Hasil penjumlahan 5/3 + 17/3 adalah ...', '5/3 + 17/3 = 22/3', NULL, 'Ya', 0, 0),
(377, 27, 'SD004', 'latihan', 'c', NULL, 'Hasil penjumlahan 3/7 + 8/3 adalah ...', '3/7 + 8/3 = 9/21 + 56/21 = 65/21', NULL, 'Ya', 0, 0),
(378, 27, 'SD004', 'latihan', 'd', NULL, '5/6 + 2/4 - 1/2 = ...', '10/12 + 6/12 - 6/12 = 10/12', NULL, 'Ya', 0, 0),
(379, 27, 'SD004', 'latihan', 'a', NULL, 'Bibi ke pasar membeli 9/4 kg buah jeruk. Kemudian membeli 3/4 kg kelengkeng. Juga membeli 7/4 kg buah mangga. Berat buah Bibi seluruhnya adalah ...', '9/4 + 3/4 + 7/4 = 19/4 kg', NULL, 'Ya', 0, 0),
(380, 27, 'SD004', 'latihan', 'b', NULL, 'Budi mempunyai uang Rp 5.000,00. Kemudian 3/4 dari uangnya untuk membeli pensil. Sisa uang Budi adalah ...', '1/4 X 5.000 = Rp 1.250,00', NULL, 'Ya', 0, 0),
(381, 28, 'SD004', 'latihan', 'a', NULL, 'Lambang bilangan XXIV adalah ...', '24', NULL, 'Ya', 0, 0),
(382, 28, 'SD004', 'latihan', 'b', NULL, 'Lambang bilangan Romawi untuk angka 29 adalah ...', 'XXIX', NULL, 'Ya', 0, 0),
(383, 28, 'SD004', 'latihan', 'c', NULL, 'Anton tinggal di Jalan Honggowongso IX No. 39. Bilangan asli untuk angka Romawi tersebut adalah ...', '9', NULL, 'Ya', 0, 0),
(384, 28, 'SD004', 'latihan', 'd', NULL, 'Tahun ini kantor ayah Rava memperingati ualng tahun ke XLVIII. Penulisan bilangn asli yang benar adalah ...', '48', NULL, 'Ya', 0, 0),
(385, 28, 'SD004', 'latihan', 'a', NULL, 'Berikut cara penulisan bilangan Romawi yang salah, kecuali ...', '29 = 10 + 10 + (10-1) = XXIX', NULL, 'Ya', 0, 0),
(386, 28, 'SD004', 'latihan', 'b', NULL, 'Penulisan bilangan Romawi yang benar adalah ...', '17 = XVII', NULL, 'Ya', 0, 0),
(387, 28, 'SD004', 'latihan', 'c', NULL, 'Kemarin Rava membaca buku sampai bab VI. Hari ini Rava menyelesaikan membaca sampai 4 bab. Hari ini Rava membaca buku sampai bab ...', 'X', NULL, 'Ya', 0, 0),
(388, 28, 'SD004', 'latihan', 'd', NULL, 'Bilangan 36, 27, dan 43 jika diubah ke dalam bilangan Romawi berturut-turut menjadi ...', 'XXXVI, XXVII, XLIII', NULL, 'Ya', 0, 0),
(389, 28, 'SD004', 'latihan', 'a', NULL, '17 + 12 = ...', 'XXIX', NULL, 'Ya', 0, 0),
(390, 28, 'SD004', 'latihan', 'b', NULL, 'Lambang bilangan XLVI adalah ...', '46', NULL, 'Ya', 0, 0),
(391, 28, 'SD004', 'latihan', 'a', NULL, 'Lambang bilangan XXV adalah ...', '25', NULL, 'Ya', 0, 0),
(392, 28, 'SD004', 'latihan', 'b', NULL, 'Lambang bilangan Romawi untuk angka 19 adalah ...', 'XIX', NULL, 'Ya', 0, 0),
(393, 28, 'SD004', 'latihan', 'c', NULL, 'Anton tinggal di Jalan Honggowongso XIX No. 39. Bilangan asli untuk angka Romawi tersebut adalah ...', '19', NULL, 'Ya', 0, 0),
(394, 28, 'SD004', 'latihan', 'd', NULL, 'Tahun ini kantor ayah Rava memperingati ualng tahun ke XLVII. Penulisan bilangn asli yang benar adalah ...', '47', NULL, 'Ya', 0, 0),
(395, 28, 'SD004', 'latihan', 'a', NULL, 'Berikut cara penulisan bilangan Romawi yang salah, kecuali ...', '28 = 10 + 10 + 8 = XXVIII', NULL, 'Ya', 0, 0),
(396, 28, 'SD004', 'latihan', 'b', NULL, 'Penulisan bilangan Romawi yang benar adalah ...', '16 = XVI', NULL, 'Ya', 0, 0),
(397, 28, 'SD004', 'latihan', 'c', NULL, 'Kemarin Rava membaca buku sampai bab VI. Hari ini Rava menyelesaikan membaca sampai 5 bab. Hari ini Rava membaca buku sampai bab ...', 'XI', NULL, 'Ya', 0, 0),
(398, 28, 'SD004', 'latihan', 'd', NULL, 'Bilangan 26, 27, dan 43 jika diubah ke dalam bilangan Romawi berturut-turut menjadi ...', 'XXVI, XXVII, XLIII', NULL, 'Ya', 0, 0),
(399, 28, 'SD004', 'latihan', 'a', NULL, '16 + 13 = ...', 'XXIX', NULL, 'Ya', 0, 0),
(400, 28, 'SD004', 'latihan', 'b', NULL, 'Lambang bilangan XLVII adalah ...', '47', NULL, 'Ya', 0, 0),
(401, 29, 'SD004', 'latihan', 'a', NULL, 'Jarak bayangan ke cermin sama dengan jarak ...', 'benda ke cermin', NULL, 'Ya', 0, 0),
(402, 29, 'SD004', 'latihan', 'b', NULL, 'Banyak sisi pada balok ada ...', '6', NULL, 'Ya', 0, 0),
(403, 29, 'SD004', 'latihan', 'c', NULL, 'Banyak sisi pada kubus ada ...', '6', NULL, 'Ya', 0, 0),
(404, 29, 'SD004', 'latihan', 'd', NULL, 'Bagian-bagian berikut yang mempunyai sumbu simetri, kecuali ...', 'jajargenjang', NULL, 'Ya', 0, 0),
(405, 29, 'SD004', 'latihan', 'a', NULL, 'Banyak rusuk pada kubus adalah ...', '12', NULL, 'Ya', 0, 0),
(406, 29, 'SD004', 'latihan', 'b', NULL, 'Banyak rusuk pada balok adalah ...', '12', NULL, 'Ya', 0, 0),
(407, 29, 'SD004', 'latihan', 'c', NULL, 'Tinggi benda sama dengan ...', 'tinggi bayangan', NULL, 'Ya', 0, 0),
(408, 29, 'SD004', 'latihan', 'd', NULL, 'Kubus mempunyai ... titik sudut.', '8', NULL, 'Ya', 0, 0),
(409, 29, 'SD004', 'latihan', 'a', NULL, 'Balok mempunyai ... titik sudut.', '8', NULL, 'Ya', 0, 0),
(410, 29, 'SD004', 'latihan', 'b', NULL, 'Jarak benda ke cermin sama dengan jarak ...', 'bayangan ke cermin', NULL, 'Ya', 0, 0),
(411, 24, 'SD004', 'tes', 'a', NULL, 'Sifat komutatif dari 42 + 70 adalah ...', '70 + 42', NULL, 'Ya', 0, 0),
(412, 24, 'SD004', 'tes', 'b', NULL, 'Lambang bilangan yang terbesar adalah ...', '9.540', NULL, 'Ya', 0, 0),
(413, 24, 'SD004', 'tes', 'c', NULL, 'Nama bilangan yang terkecil adalah ...', 'delapan puluh delapan ribu lima ratus satu', NULL, 'Ya', 0, 0),
(414, 24, 'SD004', 'tes', 'd', NULL, '88.200, 88.000, 87.800, 87.600, 87.400, P, Q. P adalah ...', '87.200', NULL, 'Tidak', 0, 0),
(415, 24, 'SD004', 'tes', 'a', NULL, '1.250 : 25 = ...', '1.250 : 25 = 50', NULL, 'Tidak', 0, 0),
(416, 25, 'SD004', 'tes', 'b', NULL, 'FPB dari 84 dan 108 adalah ...', '12', NULL, 'Tidak', 0, 0),
(417, 25, 'SD004', 'tes', 'c', NULL, 'KPK dari 15 dan 20 adalah ...', '60', NULL, 'Tidak', 0, 0),
(418, 25, 'SD004', 'tes', 'd', NULL, 'Bilangan yang termasuk bilangan prima adalah ...', '51', NULL, 'Tidak', 0, 0),
(419, 25, 'SD004', 'tes', 'a', NULL, 'Paman membeli 15 buah apel dan 20 buah manggis. Buah-buahan tersebut akan disajikan untuk tamu dalam piring yang smaa banyak. Jumlah piring terbanyak untuk menyajikan buah-buahan adalah ...', '5', NULL, 'Tidak', 0, 0),
(420, 25, 'SD004', 'tes', 'b', NULL, 'Tika kurusu bahasa Inggris 4 hari sekali. Rava kursus bahasa Inggris tiap 3 hari sekali. Mereka akan kursus bersama setelah ... hari.', '12', NULL, 'Tidak', 0, 0),
(421, 26, 'SD004', 'tes', 'a', NULL, '4 + (-8) = n, maka n = ...', '4 - 8 = -4', NULL, 'Tidak', 0, 0),
(422, 26, 'SD004', 'tes', 'b', NULL, '12 - (-4) = ...', '10 + 6 = 16', NULL, 'Tidak', 0, 0),
(423, 26, 'SD004', 'tes', 'c', NULL, '-12 ... -24<br>Lambang perbandingan yang tepat adalah ...', '>', NULL, 'Tidak', 0, 0),
(424, 26, 'SD004', 'tes', 'd', NULL, 'Negatif enam puluh sembilan ditulis ...', '-69', NULL, 'Tidak', 0, 0),
(425, 26, 'SD004', 'tes', 'a', NULL, '-11, -7, -12, 10, 0<br>Urutan yang benar dari bilangan terbesar adalah ...', '10, 0, -7, -11, -12', NULL, 'Tidak', 0, 0),
(426, 27, 'SD004', 'tes', 'b', NULL, 'Hasil penjumlahan 5/3 + 17/3 adalah ...', '5/3 + 17/3 = 22/3', NULL, 'Tidak', 0, 0),
(427, 27, 'SD004', 'tes', 'c', NULL, 'Hasil penjumlahan 3/7 + 8/3 adalah ...', '3/7 + 8/3 = 9/21 + 56/21 = 65/21', NULL, 'Tidak', 0, 0),
(428, 27, 'SD004', 'tes', 'd', NULL, '5/6 + 2/4 - 1/2 = ...', '10/12 + 6/12 - 6/12 = 10/12', NULL, 'Tidak', 0, 0),
(429, 27, 'SD004', 'tes', 'a', NULL, 'Bibi ke pasar membeli 9/4 kg buah jeruk. Kemudian membeli 3/4 kg kelengkeng. Juga membeli 7/4 kg buah mangga. Berat buah Bibi seluruhnya adalah ...', '9/4 + 3/4 + 7/4 = 19/4 kg', NULL, 'Tidak', 0, 0),
(430, 27, 'SD004', 'tes', 'b', NULL, 'Budi mempunyai uang Rp 5.000,00. Kemudian 3/4 dari uangnya untuk membeli pensil. Sisa uang Budi adalah ...', '1/4 X 5.000 = Rp 1.250,00', NULL, 'Tidak', 0, 0),
(431, 28, 'SD004', 'tes', 'a', NULL, 'Lambang bilangan XXIV adalah ...', '24', NULL, 'Tidak', 0, 0),
(432, 28, 'SD004', 'tes', 'b', NULL, 'Lambang bilangan Romawi untuk angka 29 adalah ...', 'XXIX', NULL, 'Tidak', 0, 0),
(433, 28, 'SD004', 'tes', 'c', NULL, 'Anton tinggal di Jalan Honggowongso IX No. 39. Bilangan asli untuk angka Romawi tersebut adalah ...', '9', NULL, 'Tidak', 0, 0),
(434, 28, 'SD004', 'tes', 'd', NULL, 'Tahun ini kantor ayah Rava memperingati ualng tahun ke XLVIII. Penulisan bilangn asli yang benar adalah ...', '48', NULL, 'Tidak', 0, 0),
(435, 28, 'SD004', 'tes', 'a', NULL, 'Berikut cara penulisan bilangan Romawi yang salah, kecuali ...', '29 = 10 + 10 + (10-1) = XXIX', NULL, 'Tidak', 0, 0),
(436, 29, 'SD004', 'tes', 'b', NULL, 'Banyak rusuk pada balok adalah ...', '12', NULL, 'Tidak', 0, 0),
(437, 29, 'SD004', 'tes', 'c', NULL, 'Tinggi benda sama dengan ...', 'tinggi bayangan', NULL, 'Tidak', 0, 0),
(438, 29, 'SD004', 'tes', 'd', NULL, 'Kubus mempunyai ... titik sudut.', '8', NULL, 'Tidak', 0, 0),
(439, 29, 'SD004', 'tes', 'a', NULL, 'Balok mempunyai ... titik sudut.', '8', NULL, 'Tidak', 0, 0),
(440, 29, 'SD004', 'tes', 'b', NULL, 'Jarak benda ke cermin sama dengan jarak ...', 'bayangan ke cermin', NULL, 'Tidak', 0, 0),
(501, 30, 'SD005', 'latihan', 'a', NULL, 'n - 24.561 = 322.604<br>Maka n = ...', '322.604 + 24.561 = 347.165', NULL, 'Ya', 0, 0),
(502, 30, 'SD005', 'latihan', 'b', NULL, '81.321 + 216 X 375 = ...', '81.321 + (216 X 375) = 162.321', NULL, 'Ya', 0, 0),
(503, 30, 'SD005', 'latihan', 'c', NULL, 'FPB dari bilangan 105 dan 70 adalah ...', '35', NULL, 'Ya', 0, 0),
(504, 30, 'SD005', 'latihan', 'd', NULL, 'KPK dari bilangan 36 dan 96 adalah ...', '288', NULL, 'Ya', 0, 0),
(505, 30, 'SD005', 'latihan', 'a', NULL, 'Taksiran kira-kira 6.421 - 2.640 adalah ...', '6.000 - 3.000 = 3.000', NULL, 'Ya', 0, 0),
(506, 30, 'SD005', 'latihan', 'b', NULL, 'Taksiran kira-kira dari 567 X 8 adalah ...', '600 X 10 = 6.000', NULL, 'Ya', 0, 0),
(507, 30, 'SD005', 'latihan', 'c', NULL, '43.486 dibulatkan dalam ratusan terdekat menjadi ...', '43.500', NULL, 'Ya', 0, 0),
(508, 30, 'SD005', 'latihan', 'd', NULL, 'Jam dinding di ruang tamu berbunyi setiap 15 menit. Jam di ruang makan berbunyi setiap 30 menit. Kedua jam berbunyi bersamaan pertama kali pukul 10.30. Kedua jam berbunyi bersamaan untuk kedua kali pukul ...', '10.30 + 00.30 = 11.00', NULL, 'Ya', 0, 0),
(509, 30, 'SD005', 'latihan', 'a', NULL, 'Ibu membeli 15 buah apel dan 20 buah jeruk. Buah-buahan disajikan dalam piring dengan jumlah yang sama. Jumlah piring terbanyak untuk menyajikan buah-buahan adalah ...', 'FPB dari 15 dan 20 adalah 5 buah', NULL, 'Ya', 0, 0),
(510, 30, 'SD005', 'latihan', 'b', NULL, 'Bilangan yang merupakan kelipatan 13 antara 50 dan 100 adalah ...', '52, 65, 78, dan 91', NULL, 'Ya', 0, 0),
(511, 30, 'SD005', 'latihan', 'a', NULL, 'n - 24.563 = 322.602<br>Maka n = ...', '322.604 + 24.561 = 347.165', NULL, 'Ya', 0, 0),
(512, 30, 'SD005', 'latihan', 'b', NULL, '81.325 + 216 X 375 = ...', '81.325 + (216 X 375) = 162.325', NULL, 'Ya', 0, 0),
(513, 30, 'SD005', 'latihan', 'c', NULL, 'FPB dari bilangan 150 dan 105 adalah ...', '35', NULL, 'Ya', 0, 0),
(514, 30, 'SD005', 'latihan', 'd', NULL, 'KPK dari bilangan 72 dan 96 adalah ...', '288', NULL, 'Ya', 0, 0),
(515, 30, 'SD005', 'latihan', 'a', NULL, 'Taksiran kira-kira 6.431 - 2.740 adalah ...', '6.000 - 3.000 = 3.000', NULL, 'Ya', 0, 0),
(516, 30, 'SD005', 'latihan', 'b', NULL, 'Taksiran kira-kira dari 597 X 9 adalah ...', '600 X 10 = 6.000', NULL, 'Ya', 0, 0),
(517, 30, 'SD005', 'latihan', 'c', NULL, '43.476 dibulatkan dalam ratusan terdekat menjadi ...', '43.500', NULL, 'Ya', 0, 0),
(518, 30, 'SD005', 'latihan', 'd', NULL, 'Jam dinding di ruang tamu berbunyi setiap 15 menit. Jam di ruang makan berbunyi setiap 30 menit. Kedua jam berbunyi bersamaan pertama kali pukul 11.30. Kedua jam berbunyi bersamaan untuk kedua kali pukul ...', '11.30 + 00.30 = 12.00', NULL, 'Ya', 0, 0),
(519, 30, 'SD005', 'latihan', 'a', NULL, 'Ibu membeli 25 buah apel dan 20 buah jeruk. Buah-buahan disajikan dalam piring dengan jumlah yang sama. Jumlah piring terbanyak untuk menyajikan buah-buahan adalah ...', 'FPB dari 25 dan 20 adalah 5 buah', NULL, 'Ya', 0, 0),
(520, 30, 'SD005', 'latihan', 'b', NULL, 'Bilangan yang merupakan kelipatan 13 antara 40 dan 100 adalah ...', '52, 65, 78, dan 91', NULL, 'Ya', 0, 0),
(521, 31, 'SD005', 'latihan', 'a', NULL, '21.600 detik = ... jam', '21.600 : (60 X 60) = 6 jam', NULL, 'Ya', 0, 0),
(522, 31, 'SD005', 'latihan', 'b', NULL, 'Pukul 22.30 sama dengan pukul ... malam', '10.30', NULL, 'Ya', 0, 0),
(523, 31, 'SD005', 'latihan', 'c', NULL, 'Sudut terkecil yang dibentuk jarum jam pukul 7.00 adalah ...', '150 derajat', NULL, 'Ya', 0, 0),
(524, 31, 'SD005', 'latihan', 'd', NULL, 'Jarak 420 km ditempuh sebuah mobil dengan waktu 6 jam. Kecepatan mobil tersebut adalah ...', 'Kecepatan = 420 km/6 jam = 70 km/jam', NULL, 'Ya', 0, 0),
(525, 31, 'SD005', 'latihan', 'a', NULL, 'Seorang atlet menempuh jarak 9 km dalam waktu 1 jam. Untuk menempuh jarak 27 km memerlukan waktu ... menit', 'Waktu = 27 km/9km/jam = 3 jam<br>3 jam = 180 menit', NULL, 'Ya', 0, 0),
(526, 31, 'SD005', 'latihan', 'b', NULL, 'Sekarang jam 7.15. Lima setengah jam lagi pukul ...', '7.15 + 5.30 = 12.45', NULL, 'Ya', 0, 0),
(527, 31, 'SD005', 'latihan', 'c', NULL, 'Dalam waktu 40 menit, seseorang dapat mengumpulkan pasir 1 m3. Waktu yang diperlukan untuk mengumpulkan 7 m3 pasri adalah ...', 'Waktu = 7 X 40 menit = 280 menit', NULL, 'Ya', 0, 0),
(528, 31, 'SD005', 'latihan', 'd', NULL, '3 minggu = ... jam', '3 X 7 X 24 jam = 504 jam', NULL, 'Ya', 0, 0),
(529, 31, 'SD005', 'latihan', 'a', NULL, 'Angka yang ditunjuk jarum jam pendek pada pukul 17.00 adalah angka ...', '5', NULL, 'Ya', 0, 0),
(530, 31, 'SD005', 'latihan', 'b', NULL, '12 jam + 210 menit + 1800 detik = ... menit', '(12 x 60) + 210 + (1800:60) = 960', NULL, 'Ya', 0, 0),
(531, 31, 'SD005', 'latihan', 'a', NULL, '25.200 detik = ... jam', '25.200 : (60 X 60) = 7 jam', NULL, 'Ya', 0, 0),
(532, 31, 'SD005', 'latihan', 'b', NULL, 'Pukul 21.30 sama dengan pukul ... malam', '9.30', NULL, 'Ya', 0, 0),
(533, 31, 'SD005', 'latihan', 'c', NULL, 'Sudut terkecil yang dibentuk jarum jam pukul 8.00 adalah ...', '120 derajat', NULL, 'Ya', 0, 0),
(534, 31, 'SD005', 'latihan', 'd', NULL, 'Jarak 420 km ditempuh sebuah mobil dengan waktu 7 jam. Kecepatan mobil tersebut adalah ...', 'Kecepatan = 420 km/7 jam = 60 km/jam', NULL, 'Ya', 0, 0),
(535, 31, 'SD005', 'latihan', 'a', NULL, 'Seorang atlet menempuh jarak 9 km dalam waktu 1 jam. Untuk menempuh jarak 36 km memerlukan waktu ... menit', 'Waktu = 36 km/9km/jam = 4 jam<br>4 jam = 240 menit', NULL, 'Ya', 0, 0),
(536, 31, 'SD005', 'latihan', 'b', NULL, 'Sekarang jam 7.15. Lima jam lagi pukul ...', '7.15 + 5.00 = 12.15', NULL, 'Ya', 0, 0),
(537, 31, 'SD005', 'latihan', 'c', NULL, 'Dalam waktu 30 menit, seseorang dapat mengumpulkan pasir 1 m3. Waktu yang diperlukan untuk mengumpulkan 7 m3 pasir adalah ...', 'Waktu = 7 X 30 menit = 210 menit', NULL, 'Ya', 0, 0),
(538, 31, 'SD005', 'latihan', 'd', NULL, '4 minggu = ... jam', '4 X 7 X 24 jam = 672 jam', NULL, 'Ya', 0, 0),
(539, 31, 'SD005', 'latihan', 'a', NULL, 'Angka yang ditunjuk jarum jam pendek pada pukul 16.00 adalah angka ...', '4', NULL, 'Ya', 0, 0),
(540, 31, 'SD005', 'latihan', 'b', NULL, '11 jam + 210 menit + 1800 detik = ... menit', '(11 x 60) + 210 + (1800:60) = 900', NULL, 'Ya', 0, 0),
(541, 32, 'SD005', 'latihan', 'a', NULL, 'Anang membuat layang-layang yang salah satu diagonalnya 60 cm. Luas layang-layang tersebut adalah 2.700 cm2. Panjang diagonal yang lain adalah ...', 'd2 = (2 X 2.700)/60 = 90 cm', NULL, 'Ya', 0, 0),
(542, 32, 'SD005', 'latihan', 'b', NULL, 'Selember kertas berbentuk trapesium dengan ukuran sisi-sisi yang sejajar 24 cm dan 16 cm. Luas trapesium tersebut adalah 400 cm2. Tingginya adalah ...', 't = 400/((24+16)/2) = 400/20 = 20 cm', NULL, 'Ya', 0, 0),
(543, 32, 'SD005', 'latihan', 'c', NULL, 'Ukuran sisi yang sejajar sebuah trapesium adalah 12 cm dan 15 cm. Tingginya adalah 10 cm, luas trapesium tersebut adalah ...', 'Luas = ((12 + 15)/2) X 10 = 135 cm2', NULL, 'Ya', 0, 0),
(544, 32, 'SD005', 'latihan', 'd', NULL, 'Panjang diagonal layang-layang masing-masing adalah 14 cm dan 28 cm. Luas layang-layang tersebut adalah ...', 'Luas = (14 X 28)/2 = 196 cm2', NULL, 'Ya', 0, 0),
(545, 32, 'SD005', 'latihan', 'a', NULL, 'Luas layang-layang yang panjang diagonalnya 40 dm dan 25 dm adalah ...', 'Luas = (40 X 25)/2 = 500 dm2', NULL, 'Ya', 0, 0),
(546, 32, 'SD005', 'latihan', 'b', NULL, 'Sebuah benda berbentuk trapesium dengan sisi-sisi yang sejajar adalah 15 m dan 18 m serta tingginya 12 m. Luas trapesium tersebut adalah ...', 'Luas = ((15 + 18)/2) X 12 = 198 m2', NULL, 'Ya', 0, 0),
(547, 32, 'SD005', 'latihan', 'c', NULL, 'Rava ingin membuat sebuah layang-layang yang diagonal-diagonalnya berukuran 31 cm dan 20 cm. Luas layang-layang Rava adalah ...', 'Luas = (31 X 20)/2 = 310 cm2', NULL, 'Ya', 0, 0),
(548, 32, 'SD005', 'latihan', 'd', NULL, 'Sebuah layang-layang emmiliki luas 200 cm2. Panjang salah satu diagonalnya adalah 25 cm. Panjang diagonal yang lain adalah ...', 'd2 = (200 X 2)/25 = 16 cm', NULL, 'Ya', 0, 0),
(549, 32, 'SD005', 'latihan', 'a', NULL, 'Diketahui diagonal layang-layang AC = 10 cm dan BD = 15 cm. Luas bangun tersebut adalah ...', 'Luas = (10 X 15)/2 = 75 cm2', NULL, 'Ya', 0, 0),
(550, 32, 'SD005', 'latihan', 'b', NULL, 'Sebuah benda berbentuk trapesium dengan sisi-sisi yang sejajar adalah 15 cm dan 20 cm. Tinggi trapesium 8 cm. Luas trapesium tersebut adalah ...', 'Luas = ((15 + 20)/2) X 8 = 140 cm2', NULL, 'Ya', 0, 0),
(551, 32, 'SD005', 'latihan', 'a', NULL, 'Anang membuat layang-layang yang salah satu diagonalnya 90 cm. Luas layang-layang tersebut adalah 2.700 cm2. Panjang diagonal yang lain adalah ...', 'd2 = (2 X 2.700)/90 = 60 cm', NULL, 'Ya', 0, 0),
(552, 32, 'SD005', 'latihan', 'b', NULL, 'Selember kertas berbentuk trapesium dengan ukuran sisi-sisi yang sejajar 24 cm dan 16 cm. Luas trapesium tersebut adalah 500 cm2. Tingginya adalah ...', 't = 500/((24+16)/2) = 400/20 = 25 cm', NULL, 'Ya', 0, 0),
(553, 32, 'SD005', 'latihan', 'c', NULL, 'Ukuran sisi yang sejajar sebuah trapesium adalah 12 cm dan 16 cm. Tingginya adalah 10 cm, luas trapesium tersebut adalah ...', 'Luas = ((12 + 16)/2) X 10 = 140 cm2', NULL, 'Ya', 0, 0),
(554, 32, 'SD005', 'latihan', 'd', NULL, 'Panjang diagonal layang-layang masing-masing adalah 15 cm dan 30 cm. Luas layang-layang tersebut adalah ...', 'Luas = (15 X 30)/2 = 225 cm2', NULL, 'Ya', 0, 0),
(555, 32, 'SD005', 'latihan', 'a', NULL, 'Luas layang-layang yang panjang diagonalnya 30 dm dan 20 dm adalah ...', 'Luas = (30 X 20)/2 = 300 dm2', NULL, 'Ya', 0, 0),
(556, 32, 'SD005', 'latihan', 'b', NULL, 'Sebuah benda berbentuk trapesium dengan sisi-sisi yang sejajar adalah 15 m dan 18 m serta tingginya 10 m. Luas trapesium tersebut adalah ...', 'Luas = ((15 + 18)/2) X 10 = 165 m2', NULL, 'Ya', 0, 0),
(557, 32, 'SD005', 'latihan', 'c', NULL, 'Rava ingin membuat sebuah layang-layang yang diagonal-diagonalnya berukuran 30 cm dan 20 cm. Luas layang-layang Rava adalah ...', 'Luas = (30 X 20)/2 = 300 cm2', NULL, 'Ya', 0, 0),
(558, 32, 'SD005', 'latihan', 'd', NULL, 'Sebuah layang-layang emmiliki luas 200 cm2. Panjang salah satu diagonalnya adalah 40 cm. Panjang diagonal yang lain adalah ...', 'd2 = (200 X 2)/40 = 10 cm', NULL, 'Ya', 0, 0),
(559, 32, 'SD005', 'latihan', 'a', NULL, 'Diketahui diagonal layang-layang AC = 15 cm dan BD = 20 cm. Luas bangun tersebut adalah ...', 'Luas = (15 X 20)/2 = 150 cm2', NULL, 'Ya', 0, 0),
(560, 32, 'SD005', 'latihan', 'b', NULL, 'Sebuah benda berbentuk trapesium dengan sisi-sisi yang sejajar adalah 15 cm dan 20 cm. TInggi trapesium 10 cm. Luas trapesium tersebut adalah ...', 'Luas = ((15 + 20)/2) X 10 = 175 cm2', NULL, 'Ya', 0, 0),
(561, 33, 'SD005', 'latihan', 'a', NULL, 'Kubus yang rusuknya masing-masing 9 cm volumenya adalah ...', 'v = 9 X 9 X 9 = 729 cm3', NULL, 'Ya', 0, 0),
(562, 33, 'SD005', 'latihan', 'b', NULL, 'Andi membuat enam potongan kertas berbentuk persegi. Ukuran persegi tersebut adalah 10 cm. Andi merekatkannya menjadi kubus. Volume kubus yang dibuat Andi adalah ...', 'v = 10 X 10 X 10 = 1.000 cm3', NULL, 'Ya', 0, 0),
(563, 33, 'SD005', 'latihan', 'c', NULL, 'Iwan mempunyai kotak pensil. Kotak pensil tersebut panjangnya 20 cm, lebarnya 6 cm, dan tebalnya 3 cm. Volume kotak pensil tersebut adalah ...', 'v = 20 X 6 X 3 = 360 cm3', NULL, 'Ya', 0, 0),
(564, 33, 'SD005', 'latihan', 'd', NULL, 'Kubus yang rusuknya masing-masing 7 dm volumenya adalah ...', 'v = 7 X 7 X 7 = 343 dm3', NULL, 'Ya', 0, 0),
(565, 33, 'SD005', 'latihan', 'a', NULL, 'Luas salah satu sisi kubus 36 cm2. Volume kubus tersebut adalah ...', 's = 6 cm<br>v = 6 x 6 x 6 = 216 cm3', NULL, 'Ya', 0, 0),
(566, 33, 'SD005', 'latihan', 'b', NULL, 'Luas alas sebuah balok 275 cm2. Tingginya 16 cm2. Volume balok tersebut adalah ...', 'v =  275 x 16 = 4.400 cm3', NULL, 'Ya', 0, 0),
(567, 33, 'SD005', 'latihan', 'c', NULL, 'Sebuah balok dengan panjang 15 dm, lebar 6 dm, dan tinggi 4 dm volumenya adalah ...', 'v =  15 x 6 x 4 = 360 dm3', NULL, 'Ya', 0, 0),
(568, 33, 'SD005', 'latihan', 'd', NULL, 'Volume balok 1.785 dm3. Luas alasnya 105 dm2. Tinggi balok tersebut adalah ...', 't =  1.785/105 = 17 dm', NULL, 'Ya', 0, 0),
(569, 33, 'SD005', 'latihan', 'a', NULL, 'Volume sebuah balok 15 kali volume kubus. Rusuk kubus 15 cm. Volume balok tersebut adalah ...', 'vb = 15 x vk = 15 x (15 x 15 x 15) = 15 x 3.375 = 50.625 cm3', NULL, 'Ya', 0, 0),
(570, 33, 'SD005', 'latihan', 'b', NULL, 'Empat buah rusuk kubus panjangnya 56 cm. Volume kubus tersebut adalah ...', 's = 56/4 = 14 cm<br>v = 14 x 14 x 14 = 2.744 cm3', NULL, 'Ya', 0, 0),
(571, 33, 'SD005', 'latihan', 'a', NULL, 'Kubus yang rusuknya masing-masing 8 cm volumenya adalah ...', 'v = 8 X 8 X 8 = 512 cm3', NULL, 'Ya', 0, 0),
(572, 33, 'SD005', 'latihan', 'b', NULL, 'Andi membuat enam potongan kertas berbentuk persegi. Ukuran persegi tersebut adalah 9 cm. Andi merekatkannya menjadi kubus. Volume kubus yang dibuat Andi adalah ...', 'v = 9 X 9 X 9 = 729 cm3', NULL, 'Ya', 0, 0),
(573, 33, 'SD005', 'latihan', 'c', NULL, 'Iwan mempunyai kotak pensil. Kotak pensil tersebut panjangnya 20 cm, lebarnya 6 cm, dan tebalnya 4 cm. Volume kotak pensil tersebut adalah ...', 'v = 20 X 6 X 4 = 480 cm3', NULL, 'Ya', 0, 0),
(574, 33, 'SD005', 'latihan', 'd', NULL, 'Kubus yang rusuknya masing-masing 5 dm volumenya adalah ...', 'v = 5 X 5 X 5 = 125 dm3', NULL, 'Ya', 0, 0),
(575, 33, 'SD005', 'latihan', 'a', NULL, 'Luas salah satu sisi kubus 49 cm2. Volume kubus tersebut adalah ...', 's = 7 cm<br>v = 7 x 7 x 7 = 343 cm3', NULL, 'Ya', 0, 0),
(576, 33, 'SD005', 'latihan', 'b', NULL, 'Luas alas sebuah balok 275 cm2. Tingginya 15 cm2. Volume balok tersebut adalah ...', 'v =  275 x 15 = 4.125 cm3', NULL, 'Ya', 0, 0),
(577, 33, 'SD005', 'latihan', 'c', NULL, 'Sebuah balok dengan panjang 15 dm, lebar 6 dm, dan tinggi 5 dm volumenya adalah ...', 'v =  15 x 6 x 5 = 450 dm3', NULL, 'Ya', 0, 0),
(578, 33, 'SD005', 'latihan', 'd', NULL, 'Volume balok 1.785 dm3. Luas alasnya 105 dm2. Tinggi balok tersebut adalah ...', 't =  1.785/105 = 17 dm', NULL, 'Ya', 0, 0),
(579, 33, 'SD005', 'latihan', 'a', NULL, 'Volume sebuah balok 12 kali volume kubus. Rusuk kubus 15 cm. Volume balok tersebut adalah ...', 'vb = 12 x vk = 12 x (15 x 15 x 15) = 12 x 3.375 = 40.500 cm3', NULL, 'Ya', 0, 0);
INSERT INTO `soal` (`idSoal`, `idMateri`, `idKelas`, `isTes`, `jawaban`, `gambarSoal`, `pertanyaan`, `pembahasan`, `gambarSolusi`, `isDitunjukkan`, `jumlahBenar`, `jumlahSalah`) VALUES
(580, 33, 'SD005', 'latihan', 'b', NULL, 'Empat buah rusuk kubus panjangnya 60 cm. Volume kubus tersebut adalah ...', 's = 60/4 = 15 cm<br>v = 15 x 15 x 15 = 3.375 cm3', NULL, 'Ya', 0, 0),
(581, 34, 'SD005', 'latihan', 'a', NULL, '3/4 diubah dalam persen menjadi ...', '75%', NULL, 'Ya', 0, 0),
(582, 34, 'SD005', 'latihan', 'b', NULL, '2/5 ... 14/6<br>Tanda yang tepat untuk membandingkan bilangan tersebut adalah ...', '<', NULL, 'Ya', 0, 0),
(583, 34, 'SD005', 'latihan', 'c', NULL, '18% diubah dalam bentuk pecahan menjadi ...', '18/100 = 9/50', NULL, 'Ya', 0, 0),
(584, 34, 'SD005', 'latihan', 'd', NULL, '11/4 + 22/5 = ...', '55/20 + 88/20 = 143/20', NULL, 'Ya', 0, 0),
(585, 34, 'SD005', 'latihan', 'a', NULL, '3/2 - 2/3 = ...', '9/6 - 4/6 = 5/6', NULL, 'Ya', 0, 0),
(586, 34, 'SD005', 'latihan', 'b', NULL, '1/2 ... 50%', '=', NULL, 'Ya', 0, 0),
(587, 34, 'SD005', 'latihan', 'c', NULL, '5/6 : 6/2 = ...', '5/6 x 2/6 = 10/12', NULL, 'Ya', 0, 0),
(588, 34, 'SD005', 'latihan', 'd', NULL, 'Rava mempunyai 2 potong pita merah. Setiap pita panjangnya 1/3 m. Kemudian juga mempunyai 3 potong pita putih, yang panjangnya setiap pita 3/4 m. Panjang pita Rava adalah ...', '(2 x 1/3) +(3 x 3/4) = 2/3 + 9/4 = 8/12 + 27/12 = 35/12', NULL, 'Ya', 0, 0),
(589, 34, 'SD005', 'latihan', 'a', NULL, 'Tika memetik 4 buah mangga. Iwan memetik 5 buah mangga. Perbandingan mangga yang dipetik adalah ...', '4:5', NULL, 'Ya', 0, 0),
(590, 34, 'SD005', 'latihan', 'b', NULL, 'Jarak kota A ke kota B di peta 8 cm. Pada peta tertera skala 1:500.000. Jarak sesungguhnya adalah ...', '8 x 500.000 cm = 4.000.000 cm = 40 km', NULL, 'Ya', 0, 0),
(591, 34, 'SD005', 'latihan', 'a', NULL, '2/4 diubah dalam persen menjadi ...', '50%', NULL, 'Ya', 0, 0),
(592, 34, 'SD005', 'latihan', 'b', NULL, '3/5 ... 14/6<br>Tanda yang tepat untuk membandingkan bilangan tersebut adalah ...', '<', NULL, 'Ya', 0, 0),
(593, 34, 'SD005', 'latihan', 'c', NULL, '16% diubah dalam bentuk pecahan menjadi ...', '16/100 = 8/50', NULL, 'Ya', 0, 0),
(594, 34, 'SD005', 'latihan', 'd', NULL, '11/4 + 22/5 = ...', '55/20 + 88/20 = 143/20', NULL, 'Ya', 0, 0),
(595, 34, 'SD005', 'latihan', 'a', NULL, '3/2 - 1/3 = ...', '9/6 - 2/6 = 7/6', NULL, 'Ya', 0, 0),
(596, 34, 'SD005', 'latihan', 'b', NULL, '3/4 ... 75%', '=', NULL, 'Ya', 0, 0),
(597, 34, 'SD005', 'latihan', 'c', NULL, '5/3 : 3/2 = ...', '5/3 x 2/3 = 10/9', NULL, 'Ya', 0, 0),
(598, 34, 'SD005', 'latihan', 'd', NULL, 'Rava mempunyai 2 potong pita merah. Setiap pita panjangnya 1/3 m. Kemudian juga mempunyai 3 potong pita putih, yang panjangnya setiap pita 1/4 m. Panjang pita Rava adalah ...', '(2 x 1/3) +(3 x 1/4) = 2/3 + 3/4 = 8/12 + 9/12 = 17/12', NULL, 'Ya', 0, 0),
(599, 34, 'SD005', 'latihan', 'a', NULL, 'Tika memetik 8 buah mangga. Iwan memetik 10 buah mangga. Perbandingan mangga yang dipetik adalah ...', '8:10 = 4:5', NULL, 'Ya', 0, 0),
(600, 34, 'SD005', 'latihan', 'b', NULL, 'Jarak kota A ke kota B di peta 4 cm. Pada peta tertera skala 1:1.000.000. Jarak sesungguhnya adalah ...', '1 x 1.000.000 cm = 4.000.000 cm = 40 km', NULL, 'Ya', 0, 0),
(601, 30, 'SD005', 'tes', 'a', NULL, 'n - 24.561 = 322.604<br>Maka n = ...', '322.604 + 24.561 = 347.165', NULL, 'Ya', 0, 0),
(602, 30, 'SD005', 'tes', 'b', NULL, '81.321 + 216 X 375 = ...', '81.321 + (216 X 375) = 162.321', NULL, 'Tidak', 0, 0),
(603, 30, 'SD005', 'tes', 'c', NULL, 'FPB dari bilangan 105 dan 70 adalah ...', '35', NULL, 'Tidak', 0, 0),
(604, 30, 'SD005', 'tes', 'd', NULL, 'KPK dari bilangan 36 dan 96 adalah ...', '288', NULL, 'Tidak', 0, 0),
(605, 30, 'SD005', 'tes', 'a', NULL, 'Taksiran kira-kira 6.421 - 2.640 adalah ...', '6.000 - 3.000 = 3.000', NULL, 'Tidak', 0, 0),
(606, 31, 'SD005', 'tes', 'b', NULL, 'Sekarang jam 7.15. Lima setengah jam lagi pukul ...', '7.15 + 5.30 = 12.45', NULL, 'Tidak', 0, 0),
(607, 31, 'SD005', 'tes', 'c', NULL, 'Dalam waktu 40 menit, seseorang dapat mengumpulkan pasir 1 m3. Waktu yang diperlukan untuk mengumpulkan 7 m3 pasri adalah ...', 'Waktu = 7 X 40 menit = 280 menit', NULL, 'Tidak', 0, 0),
(608, 31, 'SD005', 'tes', 'd', NULL, '3 minggu = ... jam', '3 X 7 X 24 jam = 504 jam', NULL, 'Tidak', 0, 0),
(609, 31, 'SD005', 'tes', 'a', NULL, 'Angka yang ditunjuk jarum jam pendek pada pukul 17.00 adalah angka ...', '5', NULL, 'Tidak', 0, 0),
(610, 31, 'SD005', 'tes', 'b', NULL, '12 jam + 210 menit + 1800 detik = ... menit', '(12 x 60) + 210 + (1800:60) = 960', NULL, 'Tidak', 0, 0),
(611, 32, 'SD005', 'tes', 'a', NULL, 'Anang membuat layang-layang yang salah satu diagonalnya 90 cm. Luas layang-layang tersebut adalah 2.700 cm2. Panjang diagonal yang lain adalah ...', 'd2 = (2 X 2.700)/90 = 60 cm', NULL, 'Tidak', 0, 0),
(612, 32, 'SD005', 'tes', 'b', NULL, 'Selember kertas berbentuk trapesium dengan ukuran sisi-sisi yang sejajar 24 cm dan 16 cm. Luas trapesium tersebut adalah 500 cm2. Tingginya adalah ...', 't = 500/((24+16)/2) = 400/20 = 25 cm', NULL, 'Tidak', 0, 0),
(613, 32, 'SD005', 'tes', 'c', NULL, 'Ukuran sisi yang sejajar sebuah trapesium adalah 12 cm dan 16 cm. Tingginya adalah 10 cm, luas trapesium tersebut adalah ...', 'Luas = ((12 + 16)/2) X 10 = 140 cm2', NULL, 'Tidak', 0, 0),
(614, 32, 'SD005', 'tes', 'd', NULL, 'Panjang diagonal layang-layang masing-masing adalah 15 cm dan 30 cm. Luas layang-layang tersebut adalah ...', 'Luas = (15 X 30)/2 = 225 cm2', NULL, 'Tidak', 0, 0),
(615, 32, 'SD005', 'tes', 'a', NULL, 'Luas layang-layang yang panjang diagonalnya 30 dm dan 20 dm adalah ...', 'Luas = (30 X 20)/2 = 300 dm2', NULL, 'Tidak', 0, 0),
(616, 33, 'SD005', 'tes', 'b', NULL, 'Luas alas sebuah balok 275 cm2. Tingginya 15 cm2. Volume balok tersebut adalah ...', 'v =  275 x 15 = 4.125 cm3', NULL, 'Tidak', 0, 0),
(617, 33, 'SD005', 'tes', 'c', NULL, 'Sebuah balok dengan panjang 15 dm, lebar 6 dm, dan tinggi 5 dm volumenya adalah ...', 'v =  15 x 6 x 5 = 450 dm3', NULL, 'Tidak', 0, 0),
(618, 33, 'SD005', 'tes', 'd', NULL, 'Volume balok 1.785 dm3. Luas alasnya 105 dm2. Tinggi balok tersebut adalah ...', 't =  1.785/105 = 17 dm', NULL, 'Tidak', 0, 0),
(619, 33, 'SD005', 'tes', 'a', NULL, 'Volume sebuah balok 12 kali volume kubus. Rusuk kubus 15 cm. Volume balok tersebut adalah ...', 'vb = 12 x vk = 12 x (15 x 15 x 15) = 12 x 3.375 = 40.500 cm3', NULL, 'Tidak', 0, 0),
(620, 33, 'SD005', 'tes', 'b', NULL, 'Empat buah rusuk kubus panjangnya 60 cm. Volume kubus tersebut adalah ...', 's = 60/4 = 15 cm<br>v = 15 x 15 x 15 = 3.375 cm3', NULL, 'Tidak', 0, 0),
(621, 34, 'SD005', 'tes', 'a', NULL, '3/4 diubah dalam persen menjadi ...', '75%', NULL, 'Tidak', 0, 0),
(622, 34, 'SD005', 'tes', 'b', NULL, '2/5 ... 14/6<br>Tanda yang tepat untuk membandingkan bilangan tersebut adalah ...', '<', NULL, 'Tidak', 0, 0),
(623, 34, 'SD005', 'tes', 'c', NULL, '18% diubah dalam bentuk pecahan menjadi ...', '18/100 = 9/50', NULL, 'Tidak', 0, 0),
(624, 34, 'SD005', 'tes', 'd', NULL, '11/4 + 22/5 = ...', '55/20 + 88/20 = 143/20', NULL, 'Tidak', 0, 0),
(625, 34, 'SD005', 'tes', 'a', NULL, '3/2 - 2/3 = ...', '9/6 - 4/6 = 5/6', NULL, 'Tidak', 0, 0),
(789, 22, 'SD003', 'tes', 'a', NULL, '1/2 =', '1/2 = 2/4', NULL, '', 0, 0),
(790, 4, 'SD001', 'tes', 'a', NULL, 'asdas', 'sadasd', NULL, 'Ya', 0, 0);

-- --------------------------------------------------------

--
-- Table structure for table `target_belajar`
--

CREATE TABLE IF NOT EXISTS `target_belajar` (
  `idTargetBelajar` int(10) NOT NULL AUTO_INCREMENT,
  `username` varchar(50) NOT NULL,
  `idMateri` int(10) NOT NULL,
  `idKelas` varchar(6) NOT NULL,
  `banyakSoal` int(5) DEFAULT NULL,
  `targetNilai` int(3) DEFAULT NULL,
  `tanggal` date DEFAULT NULL,
  `isSelesai` enum('tercapai','tidak') NOT NULL DEFAULT 'tidak',
  `targetWaktu` int(255) DEFAULT NULL,
  PRIMARY KEY (`idTargetBelajar`,`username`,`idMateri`,`idKelas`),
  KEY `username` (`username`),
  KEY `target_belajar_ibfk_2` (`idMateri`,`idKelas`)
) ENGINE=InnoDB  DEFAULT CHARSET=latin1 AUTO_INCREMENT=27 ;

--
-- Dumping data for table `target_belajar`
--

INSERT INTO `target_belajar` (`idTargetBelajar`, `username`, `idMateri`, `idKelas`, `banyakSoal`, `targetNilai`, `tanggal`, `isSelesai`, `targetWaktu`) VALUES
(2, 'admin', 3, 'SD001', 3, 100, '2015-04-25', 'tercapai', 120),
(5, 'admin', 8, 'SD002', 3, 100, '2015-04-25', 'tercapai', 140),
(6, 'admin', 20, 'SD003', 3, 100, '2015-04-25', 'tidak', NULL),
(12, 'princess_anna', 30, 'SD005', 3, 100, '2015-05-23', 'tidak', 122),
(13, 'princess_anna', 24, 'SD004', 90, 100, '2015-05-24', 'tidak', NULL),
(14, 'princess_anna', 1, 'SD001', 15, 100, '2015-05-24', 'tidak', NULL),
(15, 'princess_anna', 1, 'SD001', 2, 100, '2015-05-24', 'tidak', 123),
(16, 'princess_anna', 26, 'SD004', 2, 100, '2015-05-24', 'tidak', 183),
(17, 'princess_anna', 28, 'SD004', 2, 100, '2015-05-24', 'tidak', NULL),
(18, 'princess_anna', 1, 'SD001', 40, 100, '2015-05-24', 'tidak', 60),
(20, 'princess_anna', 1, 'SD001', 2, 100, '2015-05-24', 'tidak', 122),
(21, 'princess_anna', 1, 'SD001', 15, 100, '2015-05-24', 'tidak', 610),
(22, 'princess_anna', 32, 'SD005', 2, 100, '2015-05-24', 'tidak', NULL),
(24, 'princess_anna', 1, 'SD001', 2, 100, '2015-05-24', 'tidak', NULL),
(25, 'princess_anna', 1, 'SD001', 2, 100, '2015-05-24', 'tidak', 66),
(26, 'admin', 1, 'SD001', 2, 100, '2015-05-24', 'tercapai', NULL);

--
-- Constraints for dumped tables
--

--
-- Constraints for table `catatan_latihan`
--
ALTER TABLE `catatan_latihan`
  ADD CONSTRAINT `catatan_latihan_ibfk_1` FOREIGN KEY (`idRapor`) REFERENCES `rapor` (`idRapor`) ON DELETE CASCADE ON UPDATE CASCADE,
  ADD CONSTRAINT `catatan_latihan_ibfk_2` FOREIGN KEY (`idMateri`, `idKelas`) REFERENCES `materi` (`idMateri`, `idKelas`) ON DELETE CASCADE ON UPDATE CASCADE;

--
-- Constraints for table `catatan_tes`
--
ALTER TABLE `catatan_tes`
  ADD CONSTRAINT `catatan_tes_ibfk_1` FOREIGN KEY (`idRapor`) REFERENCES `rapor` (`idRapor`) ON DELETE CASCADE ON UPDATE CASCADE,
  ADD CONSTRAINT `catatan_tes_ibfk_2` FOREIGN KEY (`idKelas`) REFERENCES `kelas` (`idKelas`) ON DELETE CASCADE ON UPDATE CASCADE;

--
-- Constraints for table `kunjungan`
--
ALTER TABLE `kunjungan`
  ADD CONSTRAINT `kunjungan_ibfk_1` FOREIGN KEY (`idKelas`) REFERENCES `kelas` (`idKelas`);

--
-- Constraints for table `materi`
--
ALTER TABLE `materi`
  ADD CONSTRAINT `materi_ibfk_1` FOREIGN KEY (`idKelas`) REFERENCES `kelas` (`idKelas`) ON DELETE CASCADE ON UPDATE CASCADE;

--
-- Constraints for table `medali`
--
ALTER TABLE `medali`
  ADD CONSTRAINT `medali_ibfk_1` FOREIGN KEY (`username`) REFERENCES `akun` (`username`),
  ADD CONSTRAINT `medali_ibfk_2` FOREIGN KEY (`idMateri`) REFERENCES `materi` (`idMateri`);

--
-- Constraints for table `pilihan_jawaban`
--
ALTER TABLE `pilihan_jawaban`
  ADD CONSTRAINT `FK_ID_Kelas` FOREIGN KEY (`idKelas`) REFERENCES `kelas` (`idKelas`) ON DELETE CASCADE ON UPDATE CASCADE,
  ADD CONSTRAINT `FK_ID_MATERI` FOREIGN KEY (`idMateri`) REFERENCES `materi` (`idMateri`) ON DELETE CASCADE ON UPDATE CASCADE,
  ADD CONSTRAINT `pilihan_jawaban_ibfk_1` FOREIGN KEY (`idSoal`) REFERENCES `soal` (`idSoal`) ON DELETE CASCADE ON UPDATE CASCADE;

--
-- Constraints for table `sertifikat`
--
ALTER TABLE `sertifikat`
  ADD CONSTRAINT `sertifikat_ibfk_1` FOREIGN KEY (`username`) REFERENCES `akun` (`username`) ON DELETE CASCADE ON UPDATE CASCADE,
  ADD CONSTRAINT `sertifikat_ibfk_2` FOREIGN KEY (`idKelas`) REFERENCES `kelas` (`idKelas`) ON DELETE CASCADE ON UPDATE CASCADE;

--
-- Constraints for table `soal`
--
ALTER TABLE `soal`
  ADD CONSTRAINT `soal_ibfk_1` FOREIGN KEY (`idMateri`) REFERENCES `materi` (`idMateri`) ON DELETE CASCADE ON UPDATE CASCADE,
  ADD CONSTRAINT `soal_ibfk_2` FOREIGN KEY (`idKelas`) REFERENCES `materi` (`idKelas`) ON DELETE CASCADE ON UPDATE CASCADE;

--
-- Constraints for table `target_belajar`
--
ALTER TABLE `target_belajar`
  ADD CONSTRAINT `target_belajar_ibfk_1` FOREIGN KEY (`username`) REFERENCES `akun` (`username`) ON DELETE CASCADE ON UPDATE CASCADE,
  ADD CONSTRAINT `target_belajar_ibfk_2` FOREIGN KEY (`idMateri`, `idKelas`) REFERENCES `materi` (`idMateri`, `idKelas`) ON DELETE CASCADE ON UPDATE CASCADE;

/*!40101 SET CHARACTER_SET_CLIENT=@OLD_CHARACTER_SET_CLIENT */;
/*!40101 SET CHARACTER_SET_RESULTS=@OLD_CHARACTER_SET_RESULTS */;
/*!40101 SET COLLATION_CONNECTION=@OLD_COLLATION_CONNECTION */;
